lat,lng
41.83384445,-87.68154846
41.89420143,-87.76522092
41.80813949,-87.69190336
41.80918194,-87.74946287
41.90959908,-87.63480838
41.80842756,-87.69188948
41.74579005,-87.55159067
41.91018741,-87.63453378
41.786717,-87.65361967
41.91018741,-87.63453378
41.89101547,-87.67194371
41.75328123,-87.5649021
41.88207928,-87.72592183
41.74273472,-87.58272983
41.78910744,-87.68498301
41.89679256,-87.62775981
41.89266565,-87.62293142
41.76643654,-87.63483864
41.7577732,-87.55626852
41.88459791,-87.62832734
41.89468085,-87.71614264
41.749003,-87.57608252
41.93492544,-87.74658268
41.83015443,-87.6422884
41.78196169,-87.61098471
41.91084734,-87.66048234
41.96746597,-87.74543476
41.77912801,-87.71056451
41.81821728,-87.63871885
41.80860167,-87.60293502
41.87184044,-87.71664513
41.78175928,-87.70092555
41.87629875,-87.72466938
41.89820455,-87.71259719
41.96997376,-87.72637088
41.84188663,-87.61771696
41.8807302,-87.77309948
41.76452899,-87.65031304
41.87429488,-87.66768431
41.98200398,-87.69345673
41.89039748,-87.71265075
41.8855715,-87.71286272
41.84611113,-87.70766919
41.7303611,-87.55111833
41.91309108,-87.71649436
41.69678588,-87.67290128
41.83573708,-87.64242283
41.93812887,-87.79085689
41.99416949,-87.67894036
41.94139575,-87.78996176
41.94115147,-87.78995281
41.94144516,-87.78996502
41.94129695,-87.78995892
41.94095386,-87.78994713
41.94046258,-87.78993293
41.94031711,-87.78992681
41.91388538,-87.67280251
41.78937174,-87.65611445
41.88100984,-87.72090846
41.93198231,-87.72058648
41.89200158,-87.77381636
41.69265917,-87.61230328
41.8821838,-87.76123654
41.69678588,-87.67290128
41.91061656,-87.66090725
41.96922244,-87.6530545
41.73416045,-87.63976816
41.9377058,-87.67289856
41.82716146,-87.63339376
41.79901813,-87.70996488
41.95207322,-87.71811116
41.95654411,-87.79760887
41.71922765,-87.62343099
41.80804622,-87.68701488
41.77979592,-87.66437654
41.7732573,-87.60497852
41.91895967,-87.71015108
41.80324608,-87.66535768
41.88077245,-87.73102378
41.75564898,-87.63578758
41.91472051,-87.69036332
41.76665858,-87.65309098
41.94640354,-87.65570119
41.89153501,-87.72367268
41.90585409,-87.6385742
41.99893023,-87.69494638
41.84893633,-87.73050037
41.99285186,-87.78349881
41.75002102,-87.61232504
41.75121155,-87.61575289
41.78888385,-87.71613543
41.7410716,-87.66305279
41.75939848,-87.55798988
41.81115752,-87.61395444
41.89512575,-87.65212614
41.94296202,-87.70637035
41.87922021,-87.72083742
41.96433416,-87.72684358
41.82374806,-87.69766915
41.80703923,-87.59207742
41.68524025,-87.62005954
41.71296171,-87.63949799
41.87199517,-87.70418947
41.92446411,-87.73745887
41.73576749,-87.6731176
41.68105851,-87.53938269
41.87022661,-87.73792614
41.84434299,-87.72591922
41.69418032,-87.65201348
41.85977002,-87.72361841
41.73494947,-87.60366019
41.87855837,-87.66419573
41.7513217,-87.67302421
41.69269514,-87.62292462
41.91080878,-87.6483921
41.94494454,-87.77859173
41.88044602,-87.75780759
41.84701834,-87.69105637
41.77254714,-87.62527022
41.85896242,-87.72605988
41.78519492,-87.70438613
41.90922165,-87.76931994
41.74136524,-87.57686113
41.81386477,-87.6007146
41.7048471,-87.53513869
41.90260785,-87.63273199
41.88047329,-87.70040115
41.74086277,-87.57100807
41.96381047,-87.68524078
41.92861768,-87.69239931
42.01753044,-87.70391251
41.76866292,-87.58779793
41.86423773,-87.710334
41.84909138,-87.70165019
41.85109588,-87.6797914
41.87920279,-87.76163768
41.68700497,-87.66481513
41.88097585,-87.69501283
41.75414026,-87.67066811
41.89206983,-87.62822314
41.80021666,-87.7430784
41.96242562,-87.77022242
41.74304839,-87.65246815
41.87345554,-87.71589893
41.94157425,-87.79231264
41.75409303,-87.64398447
41.74122964,-87.65212827
41.98398119,-87.65312913
41.79353085,-87.64528561
41.69359431,-87.62410104
41.89148533,-87.74626422
41.82903432,-87.66777182
41.95762624,-87.71685184
41.89738435,-87.72600088
41.69080933,-87.63493979
41.72927334,-87.60308699
,
41.87552691,-87.62410897
41.91690922,-87.65347443
41.88005363,-87.76999145
41.9119615,-87.76787034
41.76500616,-87.58379354
42.00393378,-87.66097777
41.87086801,-87.70382235
41.9961096,-87.68473659
41.89711044,-87.71529648
41.89806982,-87.62394408
41.95354082,-87.74684578
41.87894259,-87.75515886
41.79484953,-87.61987603
41.92174042,-87.74516756
41.73700866,-87.58672056
41.77897199,-87.69562944
41.76794865,-87.6834769
41.76838391,-87.66889396
41.97036592,-87.65013729
41.70171353,-87.65063032
41.87933325,-87.74992634
41.87917551,-87.76222178
41.90688038,-87.69432135
41.7331311,-87.60297002
41.8978439,-87.6242441
41.71463059,-87.67596375
41.87438854,-87.62775293
41.72151506,-87.62454502
41.86631378,-87.72285869
41.92479241,-87.7330499
41.99621408,-87.67036262
41.77000763,-87.66259769
41.76646456,-87.60574815
41.9044893,-87.72188536
41.8719169,-87.62745701
41.88325078,-87.72586667
41.76901142,-87.62509649
41.73717579,-87.54597942
41.77873097,-87.66434728
41.7641964,-87.58040508
42.00188681,-87.66712868
41.78238225,-87.72481043
41.80838282,-87.67764711
41.75578475,-87.6750785
41.68297868,-87.66853963
,
41.80084422,-87.59061945
41.84276589,-87.63528623
41.76736289,-87.56664755
41.90770276,-87.68729643
41.85831242,-87.62547388
41.94217627,-87.79721456
41.77753395,-87.69959223
41.73666401,-87.59070722
41.88940532,-87.72209533
41.69039546,-87.69941941
41.86119122,-87.69378896
41.77256498,-87.64445392
41.94324094,-87.66815491
41.88356325,-87.72683319
41.93168819,-87.74301815
41.88348008,-87.62773003
41.72739793,-87.605951
,
41.84645302,-87.68714228
41.89164779,-87.62430529
41.93700182,-87.72064869
41.77510567,-87.76748297
41.76385677,-87.67000732
41.7225591,-87.56086522
41.95358252,-87.74320217
41.89578383,-87.67796964
41.95442364,-87.65132226
41.87222471,-87.67945137
41.75001306,-87.56700062
41.74623814,-87.54808203
41.75141415,-87.58597463
41.96548797,-87.65916862
41.77510567,-87.76748297
41.89143763,-87.75145057
41.89124465,-87.74857657
41.93741353,-87.79337692
41.93945744,-87.67879436
41.98024602,-87.66381255
41.99843505,-87.67720805
41.94108058,-87.67854252
41.85543431,-87.66355219
41.80564414,-87.74080588
41.81609882,-87.61421096
41.80064602,-87.7085481
41.78950086,-87.67310924
41.7470382,-87.65378918
41.84619844,-87.70156121
41.93541138,-87.65729502
41.73070892,-87.55141819
41.80548726,-87.70008707
41.7955669,-87.69714824
41.73121146,-87.63633046
41.904792,-87.76146088
41.85446284,-87.71137589
41.87834201,-87.62669965
42.00456852,-87.70822359
41.74930745,-87.58274854
41.84063946,-87.63309276
41.91861046,-87.76558134
41.82732754,-87.63724081
41.99682548,-87.70339921
41.77585835,-87.6706169
41.92099047,-87.69715321
41.73074283,-87.5455341
41.94857853,-87.77929175
41.89317489,-87.76518227
41.76186384,-87.56467142
41.84996747,-87.71437409
41.98146898,-87.79275845
41.86497733,-87.7045483
41.78128854,-87.72298021
41.9853749,-87.65539106
41.7530042,-87.58319656
41.95366656,-87.73557671
41.90573477,-87.75846218
41.78587869,-87.64236073
41.76692553,-87.63854295
41.89857474,-87.73371791
41.94053695,-87.76449371
41.7521562,-87.57858515
41.86168419,-87.72855981
41.98629626,-87.69697792
41.95874086,-87.70680029
41.77949048,-87.649784
41.73113921,-87.63482551
41.77401508,-87.67267785
41.91039739,-87.74871041
41.99743335,-87.70065985
41.80962858,-87.6073507
41.85832811,-87.72133416
41.96063979,-87.67731283
41.9191031,-87.70826475
41.85247973,-87.66419232
42.01528673,-87.67522805
41.82000151,-87.62620047
41.89459356,-87.72498421
41.80826119,-87.68864131
41.95944595,-87.71690784
41.7681685,-87.65041007
41.69272473,-87.6044232
,
41.74646983,-87.6211155
41.97002276,-87.76600021
41.74311676,-87.65289248
41.75827393,-87.61639992
41.79978626,-87.72320447
41.9263234,-87.78569468
41.87276761,-87.62433775
41.7816388,-87.61551274
41.85274387,-87.69270956
41.86019963,-87.70807518
41.88676043,-87.76494898
41.79514184,-87.70468128
41.93410137,-87.6561916
41.7744302,-87.70912521
41.94267263,-87.6601074
41.70943806,-87.61275307
41.83080244,-87.61462249
41.8075153,-87.64293156
41.85770627,-87.72257348
41.8000238,-87.61787852
41.78284513,-87.5945524
41.94164654,-87.7323552
41.93923435,-87.67577172
41.75893255,-87.64925451
41.93033927,-87.7611519
41.95577691,-87.71895053
41.79991336,-87.66610379
41.76471186,-87.65153171
41.88455236,-87.62805976
41.7693824,-87.59509547
41.74523655,-87.65587856
41.76498593,-87.59294656
41.77626922,-87.61567161
41.92982252,-87.68460372
41.69120493,-87.71705907
41.90543476,-87.75719015
41.66088805,-87.55915445
41.96168294,-87.67068394
41.93980892,-87.65333415
41.9028285,-87.7207551
41.75653532,-87.66344533
41.85210053,-87.68906384
41.75252399,-87.64731058
41.99335194,-87.67322852
41.89329775,-87.63426248
41.88554042,-87.62808194
41.75066701,-87.60380105
41.98787906,-87.65517322
41.91253998,-87.75836438
41.7251768,-87.65654358
41.7372692,-87.58290339
41.65490259,-87.61406017
41.87357542,-87.74931045
41.94675051,-87.66385804
41.87939352,-87.64165165
41.86154874,-87.72733129
41.9642061,-87.65492059
41.93980044,-87.65422004
41.88138999,-87.62789624
41.87251487,-87.71754554
41.87927124,-87.63414732
41.83106989,-87.61745952
41.73133156,-87.55419863
41.88138864,-87.62633926
41.76451323,-87.68793581
41.78684738,-87.66508426
41.65476725,-87.60867891
41.75219497,-87.56006655
41.80054898,-87.62246444
42.01213018,-87.69206568
41.86764684,-87.63058794
41.93972089,-87.63862938
41.88444899,-87.73613421
41.75162076,-87.56610929
41.88489866,-87.75048165
41.75097236,-87.61700156
41.78844966,-87.74051322
41.67595246,-87.63555067
41.79515724,-87.73532093
41.91087521,-87.65821895
41.88274416,-87.62453593
41.88408216,-87.73052999
41.9093138,-87.73125886
41.85831242,-87.62547388
41.92579035,-87.80250005
41.95625358,-87.77918484
41.80306465,-87.7219777
41.75965891,-87.64268606
41.69213742,-87.66585308
41.77855012,-87.61573417
41.7216024,-87.6406688
41.76635737,-87.57558156
41.73701712,-87.65351745
41.87586174,-87.74134007
41.84009434,-87.61767087
41.79801835,-87.7430509
41.97496681,-87.89841791
41.76759253,-87.63856508
41.89040158,-87.76763449
41.86087999,-87.72853434
41.88031411,-87.62787502
41.71248901,-87.61132357
41.8087214,-87.66449751
41.73716637,-87.57559872
41.82743145,-87.66773338
41.75559993,-87.61491238
41.89518441,-87.68452832
41.8745323,-87.72173036
41.74923612,-87.60405911
41.87939793,-87.62659988
41.86699419,-87.72334418
41.75198068,-87.66454448
41.87798746,-87.68620413
41.7952616,-87.67176292
41.89783079,-87.74856792
41.7436287,-87.65826261
41.76463564,-87.56099851
41.93414446,-87.77713439
41.87733073,-87.7149363
41.77950423,-87.76681369
41.82545971,-87.6120516
41.93103173,-87.7758421
41.7657755,-87.63851504
41.924244,-87.72324012
41.7829445,-87.59935076
41.90021461,-87.71998299
41.9601214,-87.71239371
41.76983777,-87.67259241
41.8951187,-87.76647262
41.96233781,-87.91764535
41.7526782,-87.5507778
41.79435082,-87.67660198
41.8800809,-87.76828002
41.67306292,-87.63559286
41.94676175,-87.81329875
41.92686176,-87.79274933
41.79819115,-87.60616321
41.97201015,-87.679432
41.76702518,-87.5715745
41.82530811,-87.67500157
41.81744944,-87.60686618
41.93758441,-87.74333499
41.91997946,-87.76108278
41.70586245,-87.65378715
41.87283963,-87.68920075
41.77461657,-87.65208672
41.73792802,-87.67420566
41.87524053,-87.62439487
41.91911902,-87.73653123
41.77234293,-87.66117297
41.7796303,-87.66092089
41.85226424,-87.71638173
41.79861317,-87.67428832
41.74804869,-87.60160265
41.940408,-87.79348766
41.74893783,-87.60375833
41.76261863,-87.62177265
41.97059281,-87.75322025
41.74151481,-87.6525503
41.77821005,-87.70326651
41.76941828,-87.68567252
41.74151526,-87.65262724
41.94058814,-87.64456334
41.94742265,-87.78202565
41.76458555,-87.72224049
41.89601603,-87.67730245
41.78218208,-87.58665139
41.89215569,-87.75780165
41.84447643,-87.6953574
41.7641187,-87.56084709
41.78314727,-87.68360211
41.88465702,-87.75752375
41.87854043,-87.6259447
41.80324468,-87.60854142
41.89103,-87.72365911
41.73326334,-87.5445141
41.89569792,-87.6602704
41.95080459,-87.74518718
41.91536123,-87.65855011
41.9256637,-87.64250805
41.89214858,-87.74717267
41.91839038,-87.64597786
41.69616079,-87.59584555
41.76680414,-87.71630312
41.90960009,-87.73933483
41.99880263,-87.66812473
41.88310876,-87.62848693
41.75653532,-87.66344533
41.89128728,-87.74456556
41.96862221,-87.72818552
41.75682115,-87.5640499
41.78125197,-87.67558072
41.79617406,-87.6304048
41.97321095,-87.71335143
41.89676968,-87.62939824
41.8630133,-87.73501579
41.81085524,-87.64249954
41.92877989,-87.78578024
41.96634227,-87.65604884
42.00308799,-87.70595333
41.75964986,-87.69030096
41.87634164,-87.67426878
41.84492987,-87.64508383
,
,
41.75439563,-87.55717785
41.9903009,-87.70510413
41.87914886,-87.74444565
41.77285561,-87.58644063
41.85818609,-87.70519483
41.76478492,-87.57641747
41.86606657,-87.72488393
41.89324807,-87.62303515
41.89479599,-87.62439535
41.84009434,-87.61767087
41.76749827,-87.62226125
41.96485474,-87.71485911
41.72833672,-87.55286836
41.79796053,-87.68888759
41.78139937,-87.60580666
41.95194661,-87.70537061
41.90232483,-87.66725734
41.73873981,-87.60502794
41.83091047,-87.63165038
41.74861984,-87.6651767
41.73805322,-87.64868472
41.918179,-87.73256074
41.69178473,-87.62348384
41.88430914,-87.72104221
41.83694471,-87.72856893
41.97346222,-87.6521268
41.8718351,-87.71718491
41.78479209,-87.78828675
41.93101947,-87.77670952
41.76923783,-87.62755006
41.87163061,-87.71589813
41.8915019,-87.64452167
41.78350857,-87.68635206
41.76978347,-87.61683264
41.79289237,-87.75936892
41.7994531,-87.64392764
41.79386938,-87.64316237
41.86552322,-87.62396256
41.97634455,-87.90136535
42.01082709,-87.8185763
41.82399136,-87.66794512
41.8552826,-87.69325318
41.80880781,-87.64246651
41.80423011,-87.6025152
41.7807239,-87.61578326
41.88965318,-87.73266284
41.88517388,-87.66829853
41.8744152,-87.73756415
41.89847948,-87.75093485
41.90080143,-87.75588738
41.87246398,-87.6838953
41.79930574,-87.60406382
41.8572878,-87.72749999
41.8786567,-87.74909894
41.85016201,-87.63308802
41.86302268,-87.70994931
41.87747215,-87.68339662
41.7618095,-87.67238522
41.89237222,-87.62741547
41.65334007,-87.54487163
41.73109192,-87.60294549
41.71655952,-87.62288164
41.79365342,-87.70199313
41.75678992,-87.60950049
41.92997852,-87.75651365
41.65334007,-87.54487163
41.6855537,-87.61136486
41.8731817,-87.74797753
41.74917007,-87.60532782
41.92939789,-87.75619549
41.90242961,-87.7490035
41.89955191,-87.76784025
41.90570765,-87.62895107
41.91021094,-87.70810904
41.90955663,-87.67595882
41.78266303,-87.58802809
41.77717912,-87.61328576
41.89676968,-87.62939824
41.88523039,-87.73864252
41.89818505,-87.75185949
41.9099172,-87.79007083
41.90420633,-87.65164758
41.81164963,-87.6993551
41.78266303,-87.58802809
41.70060747,-87.56334342
41.87529076,-87.73232367
41.72438988,-87.56091289
41.89901025,-87.62960504
41.91047435,-87.68436248
41.91360247,-87.76451985
41.95009912,-87.70776719
42.00381081,-87.69965847
41.75428016,-87.56613625
41.89488393,-87.72592172
41.89094114,-87.630329
41.8860033,-87.71101131
41.82374614,-87.67157617
41.89703328,-87.63436499
41.6969149,-87.65454045
41.78671535,-87.68369075
41.92366297,-87.80474817
41.7591332,-87.58629557
41.73384152,-87.57578801
41.86728446,-87.70340226
41.8731817,-87.74797753
41.75022231,-87.66514176
41.75016277,-87.70317438
41.99878654,-87.70471164
41.89554412,-87.69682548
41.87358596,-87.62978487
41.77773766,-87.61571023
41.85388112,-87.67735146
41.89445698,-87.66111351
41.69910731,-87.62582375
41.78551617,-87.61590216
41.92024862,-87.71916285
41.77133553,-87.58395081
41.95573942,-87.72169351
41.75216036,-87.60171354
41.76579489,-87.6639685
41.92300191,-87.65217143
41.92544154,-87.65634932
41.97351538,-87.65507923
41.77458145,-87.66150154
41.78459381,-87.70436634
41.94723577,-87.75956721
41.91824458,-87.74630194
41.80449456,-87.58434944
41.97409205,-87.77714
41.89748773,-87.65291646
41.7877801,-87.71450328
41.96831916,-87.65344286
41.76918545,-87.56999833
41.68922927,-87.69845332
41.70912136,-87.60777949
41.84705946,-87.62924612
41.95238727,-87.64439956
41.85110196,-87.7004779
41.83607003,-87.64394212
41.88876474,-87.74928964
41.8580272,-87.6210647
41.7308599,-87.55142368
41.78109021,-87.66561701
41.86728426,-87.71753333
41.90195028,-87.7264278
41.9779307,-87.68159277
41.86304299,-87.70813191
41.93082465,-87.72220721
41.86839569,-87.70037344
41.99285186,-87.78349881
41.69901036,-87.56090177
41.76854799,-87.65192732
41.99178767,-87.65671717
41.94520972,-87.75721079
41.91099321,-87.69319654
41.78508509,-87.68609421
41.74296134,-87.60515245
41.77107991,-87.58641724
41.88077413,-87.7308218
41.91101267,-87.63802596
41.96949813,-87.70529019
41.82840826,-87.67293711
42.00854406,-87.70106489
41.74317337,-87.64397303
41.86839569,-87.70037344
41.89900776,-87.68707186
41.87789409,-87.75512058
41.79779814,-87.59275604
41.88142376,-87.63071976
41.74309879,-87.54529513
41.96708186,-87.66001961
41.77734053,-87.67400022
41.79244928,-87.78899197
41.76442299,-87.69339096
41.90937136,-87.75746335
42.00906817,-87.81860152
41.85995405,-87.6514203
41.79491318,-87.6226184
41.94423615,-87.65393404
41.77185158,-87.58397047
41.9029125,-87.72158449
41.91318708,-87.64364928
41.76480962,-87.66301471
41.74357772,-87.60152516
41.9890733,-87.70493228
41.7915694,-87.7189993
41.72762952,-87.58559461
41.75703442,-87.61128629
41.75697976,-87.59406114
41.77257894,-87.66023569
41.91040026,-87.69021564
41.77104022,-87.57657855
41.87897314,-87.72598797
41.87900889,-87.72341353
41.74500896,-87.60520993
41.75042598,-87.64296095
41.98351291,-87.77431788
41.86366292,-87.71060757
41.75162605,-87.55304073
41.69946773,-87.60748888
41.75523772,-87.56159863
41.94300999,-87.81930226
41.78110416,-87.65954524
41.89844528,-87.62742573
41.89376067,-87.7139441
41.9369428,-87.68055851
41.81879621,-87.65014023
41.9612223,-87.65245941
41.93521454,-87.75271036
41.80196133,-87.68104279
41.86347901,-87.71670345
41.72969062,-87.5513939
41.88096449,-87.69642671
41.87784505,-87.72750783
41.7417588,-87.56257717
41.95052865,-87.8315937
41.78584199,-87.72310569
41.97456433,-87.81048366
41.74622427,-87.60125692
41.92429908,-87.7024559
41.87080579,-87.72693912
41.87901649,-87.7227782
41.70849198,-87.53876323
41.897946,-87.72479077
41.8790239,-87.72210615
41.99547487,-87.68995578
41.9652661,-87.65923715
41.90389188,-87.68842587
41.90434687,-87.77529186
41.91980404,-87.69205394
41.84287661,-87.73409877
41.75464501,-87.65884352
41.94782239,-87.76606476
41.75556784,-87.64279956
41.90649558,-87.69371904
41.74534901,-87.55291886
41.92984802,-87.7243333
41.87599227,-87.73160476
41.74834926,-87.59283359
41.92598456,-87.76620681
41.7204302,-87.64425646
41.77236568,-87.58368954
41.86807393,-87.62729002
41.90150046,-87.75193226
41.78300928,-87.68443581
41.96666067,-87.65979239
42.01145969,-87.66543919
41.89705644,-87.72109677
41.82876492,-87.67387641
,
41.88180989,-87.736302
41.9023205,-87.7310711
41.87923945,-87.74071769
41.87823479,-87.7095775
41.7532584,-87.66012241
41.72580296,-87.60543415
41.96522982,-87.6563364
41.87352015,-87.71058533
41.88043929,-87.74083513
41.76538754,-87.64427046
41.90878174,-87.7266276
41.77325926,-87.57267386
41.72876582,-87.55828507
41.80288065,-87.6810408
41.89781551,-87.77021738
41.8577269,-87.67994781
41.87484196,-87.76435695
41.73235428,-87.6618758
41.77310831,-87.57267197
41.67014501,-87.62828581
41.85599596,-87.62542234
41.78720505,-87.62404192
41.97348799,-87.6564843
41.80561259,-87.65987903
41.90906812,-87.63549381
,
41.74227513,-87.55287914
41.90607947,-87.72626012
41.90607947,-87.72626012
41.86993464,-87.72411661
41.91010479,-87.77539601
41.73980346,-87.59155042
41.78240491,-87.60037253
41.78639171,-87.68761743
41.92097261,-87.73782573
41.79113334,-87.62512805
41.88080273,-87.72843097
41.79788489,-87.666972
41.81095338,-87.60377766
41.65712562,-87.60362814
41.78253716,-87.62362039
41.91264741,-87.76174346
41.88372102,-87.70714449
41.76772033,-87.6567601
41.77257955,-87.61195148
41.74934379,-87.60545778
41.87997601,-87.62599864
41.80834723,-87.67239491
41.89416084,-87.6162412
41.80623443,-87.66627295
41.8141417,-87.70439648
41.74849294,-87.65383247
41.85537124,-87.70083224
41.94133372,-87.67434239
41.88628918,-87.6941116
41.75152639,-87.74130017
41.8750047,-87.76452441
41.89743517,-87.66782973
41.73843275,-87.7202681
41.89272902,-87.70188519
41.93248913,-87.63624187
41.78439937,-87.63237041
41.73330976,-87.55009702
41.87100848,-87.71147253
41.7795695,-87.64463561
41.95754125,-87.6918228
41.8977653,-87.62395846
41.76426908,-87.68308517
41.76716122,-87.64212907
41.76353761,-87.6274989
41.90015122,-87.72977279
41.88375358,-87.6411052
41.85761851,-87.6611654
41.77091325,-87.64956347
41.95953217,-87.67797495
41.7940718,-87.70371994
41.91678151,-87.72669146
41.78240733,-87.6155335
41.96129206,-87.72035722
41.76807976,-87.68094624
41.77980195,-87.70330592
41.76865279,-87.64464974
41.75264457,-87.62156765
41.69232884,-87.65402847
41.87383037,-87.7552233
41.73475389,-87.55260749
41.95228273,-87.74714038
41.78100833,-87.64982654
41.77257955,-87.61195148
41.95328884,-87.7490943
41.90214744,-87.7191233
41.73475389,-87.55260749
41.80923727,-87.61890943
41.7940382,-87.67329005
41.90226231,-87.76487764
41.79035918,-87.65370587
41.73569372,-87.65712931
41.8531513,-87.70787955
41.70599147,-87.70240471
41.94698848,-87.67751162
41.93059049,-87.80082488
41.77257572,-87.58644388
,
41.88914295,-87.62663571
41.91170037,-87.73528508
41.87256912,-87.71436536
41.85868216,-87.7213418
41.70277271,-87.60458072
41.87656467,-87.75379232
41.78101465,-87.76535949
41.83811549,-87.63231662
41.73316829,-87.65098245
41.99823509,-87.66632063
41.76425417,-87.5973682
41.77880294,-87.70680236
42.01832728,-87.6728378
41.7726306,-87.58644324
41.87076017,-87.66153809
41.85889673,-87.73078126
41.77414144,-87.79351306
41.85450474,-87.7258708
41.75152068,-87.71878396
41.87622437,-87.63087585
41.6754293,-87.62272652
,
,
41.77268548,-87.58644261
41.79198233,-87.6534577
41.79425278,-87.66201492
41.976608,-87.65972436
41.98596655,-87.72837072
41.74451104,-87.60762303
41.77274311,-87.58644194
41.75111628,-87.60410746
41.71965365,-87.61910403
41.89578383,-87.67796964
41.77652398,-87.73383695
41.65569719,-87.5969587
41.7509613,-87.64390437
41.72668485,-87.61562292
41.96831554,-87.71136911
41.77276449,-87.58593212
41.91682274,-87.74623782
41.89298851,-87.7112153
41.70003294,-87.69980447
41.91329281,-87.70210872
41.92421148,-87.76614535
41.94626622,-87.74476206
41.72111413,-87.66197452
41.88066594,-87.6270743
41.71231506,-87.67560277
41.80581507,-87.6188961
41.88288903,-87.76509713
42.01753567,-87.66833801
41.6569586,-87.60498765
41.79304399,-87.72900012
41.80234035,-87.58942486
41.86735892,-87.69699867
41.85247973,-87.66419232
41.76057827,-87.65652358
41.88618306,-87.71533203
41.85379321,-87.69536026
41.73425769,-87.65050562
41.77361149,-87.60198305
41.86695787,-87.72632933
41.73287696,-87.60573531
41.76812068,-87.66373171
41.89184275,-87.62476957
41.93168819,-87.74301815
41.97657926,-87.65484445
42.00193286,-87.66090686
41.76889582,-87.73455315
41.90965508,-87.73565318
41.69988246,-87.53392945
41.93912242,-87.72413113
41.81530642,-87.623145
41.88356609,-87.69298197
41.94807238,-87.81184343
41.73387862,-87.61401506
41.88204081,-87.63560437
,
41.80240686,-87.64407936
41.93103173,-87.7758421
41.85832811,-87.72133416
41.87670809,-87.71244908
41.93181561,-87.76611841
41.77279799,-87.5864413
41.87863557,-87.73592395
41.68991165,-87.63760757
41.73785949,-87.56344818
41.82279866,-87.68833774
41.91201037,-87.73632191
41.81079319,-87.7098434
41.98455178,-87.83672978
41.94604944,-87.64415902
41.78686018,-87.61755189
41.74583274,-87.63535884
41.86730464,-87.71570847
41.75207193,-87.64422598
41.81429417,-87.61657888
41.79376049,-87.64973508
41.94368362,-87.68802134
42.02050581,-87.67087213
42.01682622,-87.67331701
41.90949723,-87.69559577
41.73025159,-87.54553277
41.89314218,-87.62946011
41.730133,-87.60622422
41.75902269,-87.55760956
41.7933307,-87.70369419
41.87847282,-87.70793013
41.74593962,-87.65225438
41.92091512,-87.76937865
41.990549,-87.6730331
41.85181715,-87.64632403
41.75428469,-87.67096714
41.88282683,-87.62771151
41.98535358,-87.7781344
41.69272473,-87.6044232
41.75530019,-87.56231988
41.900207,-87.66266576
41.74962823,-87.64264334
41.80928421,-87.60670535
41.79089371,-87.67528415
41.80244892,-87.59904751
41.96552002,-87.65668631
41.88801251,-87.62266346
41.72185717,-87.57913397
41.75122501,-87.6148329
41.70072144,-87.68158724
41.70986559,-87.53422328
41.76417535,-87.58096248
41.7712157,-87.61810709
41.87103473,-87.68787874
41.79416027,-87.59504956
41.87733632,-87.76432381
41.90221247,-87.74893568
41.96494021,-87.6570197
41.72668485,-87.61562292
41.72668485,-87.61562292
41.77508408,-87.66912543
41.76294737,-87.55969555
41.79269016,-87.77007867
41.76567096,-87.64211208
41.95374299,-87.71324971
41.88105988,-87.72827799
41.93645023,-87.65059864
41.7703557,-87.72513306
41.85405034,-87.68056151
41.91087521,-87.65821895
41.81016307,-87.72229903
41.69178804,-87.6917242
41.88682947,-87.74702298
41.96103672,-87.67762128
41.73307656,-87.6069201
41.82314004,-87.71958913
41.8342695,-87.62317392
41.88169644,-87.629538
41.91738273,-87.7174561
41.89347547,-87.72011726
41.76761462,-87.6640119
41.75705193,-87.56163187
41.89956166,-87.72881596
41.95954605,-87.67704094
41.75110241,-87.60538294
41.75051538,-87.59895438
41.86349929,-87.71792575
41.76464325,-87.63327827
41.88453217,-87.72895399
41.79101531,-87.68899016
41.75739576,-87.58624975
41.89899182,-87.71712227
41.86737227,-87.71399696
41.87199772,-87.70365339
41.95300962,-87.78771618
41.6570697,-87.61742831
41.84812069,-87.71745656
41.78339304,-87.61342157
41.89227764,-87.68199413
41.83709277,-87.71872191
41.92220569,-87.69262517
41.86701264,-87.6242912
42.00045072,-87.66085993
41.77950661,-87.5960316
41.97778029,-87.69536361
41.87302212,-87.74521053
41.98031912,-87.77216117
41.73712806,-87.55711467
41.84840486,-87.6931419
41.8412319,-87.65545413
41.8995465,-87.62399018
41.74734379,-87.60037205
41.8950183,-87.62440023
41.97422126,-87.65147883
41.97511161,-87.67952164
41.93980997,-87.65073555
41.94800105,-87.66418682
41.7586917,-87.57628383
41.84652995,-87.69797953
41.86830218,-87.68800903
41.91154177,-87.77293668
41.90199439,-87.70956671
,
41.77342213,-87.58831472
41.75464436,-87.74138513
41.89301573,-87.63888965
41.75439563,-87.55717785
41.76586136,-87.68464528
41.86782231,-87.70189905
41.75086324,-87.62596666
41.95339194,-87.75700476
41.84656735,-87.69482648
41.93432733,-87.76129266
41.79559024,-87.61939474
41.95043355,-87.71022325
41.76779007,-87.57894445
41.76437714,-87.61990949
41.80306465,-87.7219777
41.76879826,-87.65433672
41.73720256,-87.57318376
41.74383421,-87.54288969
41.84634808,-87.69487637
41.8781111,-87.62752838
41.74266368,-87.57650145
41.7123838,-87.61161408
41.73833768,-87.64990914
41.79001391,-87.64640863
41.88809742,-87.76783845
41.94456184,-87.73516186
41.76548621,-87.62085391
41.69570363,-87.62215187
41.74530055,-87.57602342
41.69510229,-87.53755131
41.73453247,-87.65102663
41.8995465,-87.62399018
41.88195818,-87.72481764
41.68337649,-87.61691347
41.79560514,-87.6732813
41.87341496,-87.71092415
41.70791325,-87.56586378
41.77634092,-87.61178468
41.81443255,-87.60845565
41.87019477,-87.70215841
41.98958754,-87.66010618
41.84638658,-87.73096105
41.74456187,-87.56684925
41.87722058,-87.70525816
41.69896595,-87.63186354
41.88029006,-87.75299119
41.87488736,-87.68636392
41.73886926,-87.58925284
41.97631143,-87.904977
41.77733693,-87.61570003
41.87890173,-87.71568494
41.97633098,-87.74943907
41.86346071,-87.70321953
41.87549852,-87.75351922
41.7532462,-87.56009059
41.94969279,-87.65738308
41.87689848,-87.62446467
41.68709446,-87.66652027
41.99164995,-87.67695403
41.76442287,-87.62020222
41.92710513,-87.72303279
41.82397549,-87.60343172
41.65461779,-87.6024123
41.87791135,-87.64160521
41.7863579,-87.61753914
41.73246711,-87.65631684
41.87806806,-87.62811637
41.8806152,-87.70626046
41.76671264,-87.67557164
41.78009079,-87.63056581
41.89914743,-87.72468754
41.87725819,-87.70160789
41.85844111,-87.62409223
41.75907496,-87.57906119
41.82885307,-87.6241841
41.89602652,-87.62413197
41.91303338,-87.77549542
41.80321139,-87.5917181
41.87125392,-87.68781779
41.88915755,-87.64302272
,
41.82350505,-87.65054511
41.82350505,-87.65054511
41.81100724,-87.68749132
41.72908879,-87.628019
41.9973707,-87.70423997
41.75943778,-87.64562426
41.69510765,-87.63145144
41.6586008,-87.59868949
41.89257155,-87.74831839
41.85461262,-87.70762672
41.91958797,-87.68001157
41.73196841,-87.66582923
41.85438185,-87.65769018
41.77113693,-87.6222174
41.68295668,-87.65166696
41.8957208,-87.61864058
41.87742667,-87.68749497
41.88477229,-87.75752639
41.82465473,-87.63319359
41.75087516,-87.62567335
41.8276459,-87.68023176
41.95260417,-87.70568031
42.014011,-87.6667225
41.89320364,-87.71395315
41.96243626,-87.65541367
41.90230655,-87.62566407
41.8785168,-87.68372019
41.79138855,-87.65980792
41.75280552,-87.74135439
41.76955827,-87.69056493
41.77781272,-87.69443107
41.85112245,-87.71634866
41.75710654,-87.5628187
41.81954194,-87.61056251
41.78341454,-87.62393703
41.79827142,-87.69988305
41.96323506,-87.70816082
41.89121756,-87.75134606
41.89210471,-87.7041354
41.89093466,-87.63016747
41.88702534,-87.61660379
41.82360351,-87.62333215
41.96496071,-87.72441452
41.91931263,-87.76717713
41.74779375,-87.56753638
41.89554694,-87.72623499
41.89320364,-87.71395315
41.78292887,-87.62040051
41.76915499,-87.62035509
41.76981112,-87.58585277
41.78712695,-87.64549709
41.94923837,-87.6496939
41.81185755,-87.69084284
41.76181442,-87.56466835
41.87651357,-87.75782085
41.71095195,-87.55172359
41.96435966,-87.72440186
41.8740044,-87.68599831
41.85041611,-87.73323927
41.81158612,-87.7002801
41.88376307,-87.76648487
41.88574744,-87.64914829
41.89191531,-87.76186957
42.01249458,-87.67643434
41.92114343,-87.77060758
41.71095195,-87.55172359
41.98574088,-87.6550966
41.77340359,-87.71619221
41.9539762,-87.71222543
41.93769548,-87.71950268
41.6780564,-87.62998949
41.82188596,-87.69988516
41.91035563,-87.72742094
41.8568664,-87.72254844
41.85883603,-87.71778325
41.89675401,-87.67438952
41.68523832,-87.62019136
41.90610669,-87.73143227
41.93918236,-87.72872123
41.96277629,-87.65490634
41.79351336,-87.63195574
41.78922155,-87.66703606
41.88943854,-87.75554534
41.73392591,-87.61105423
41.79768374,-87.64863351
41.96764821,-87.73925552
41.78299159,-87.66507296
41.74533904,-87.6027364
41.97616325,-87.90571352
41.73333055,-87.64368627
41.87308367,-87.68672358
41.87518343,-87.72341686
41.82400788,-87.6770181
41.75020553,-87.64417998
41.84570962,-87.62661844
41.78213462,-87.63495795
41.79029706,-87.68570809
41.93698257,-87.76659085
41.93574627,-87.68442241
41.96079796,-87.75036036
41.79845896,-87.68919432
41.98440391,-87.71120519
41.86986308,-87.63943034
41.91989453,-87.66179826
41.90976604,-87.74331201
41.73528802,-87.70256872
41.7771885,-87.80075763
41.75587907,-87.6517205
41.94378833,-87.78011248
41.90116252,-87.76169162
41.69133949,-87.70340832
41.88029006,-87.75299119
41.7903108,-87.65341302
41.69251521,-87.62090185
41.96150514,-87.68326398
41.74759366,-87.61341491
41.87352015,-87.71058533
41.78533761,-87.68610267
41.80424293,-87.66500256
42.01985132,-87.66637078
41.92322585,-87.68080859
41.79587912,-87.6328871
41.75249716,-87.57952301
41.8303716,-87.67793646
41.74509521,-87.65704166
41.76294737,-87.55969555
41.9657989,-87.69532873
41.88052173,-87.6518039
41.87699964,-87.72539711
41.87611189,-87.72203843
41.78535133,-87.62560602
41.96531752,-87.65492351
42.0177756,-87.69267136
41.78684604,-87.66532628
41.73033007,-87.64719507
41.76927839,-87.57408455
41.87172247,-87.70953801
41.74943326,-87.64536825
41.90846611,-87.72661957
41.70302461,-87.64958743
41.90172293,-87.75468524
41.76437767,-87.58252527
41.87318322,-87.72555445
41.87901649,-87.7227782
41.7787395,-87.61573939
41.79600216,-87.66176195
41.77443387,-87.70879156
41.6812788,-87.63865236
41.8770588,-87.7366767
41.87096851,-87.69616981
41.75113679,-87.64662905
41.73981094,-87.58172328
41.80848224,-87.66631565
,
41.92385692,-87.71246252
41.89566143,-87.70667893
41.90477266,-87.68450839
41.76986638,-87.62355845
41.67158766,-87.64764723
41.85881531,-87.71291219
41.92420485,-87.75600344
41.90262967,-87.71846848
41.77377172,-87.64250169
41.97047434,-87.72090168
41.81706577,-87.62318793
41.86305553,-87.70690931
41.74659801,-87.55054749
41.74750447,-87.66686295
41.91228975,-87.73358589
41.78421514,-87.6486925
41.87305405,-87.74447957
41.67657069,-87.62847924
41.87358248,-87.70540026
41.88348008,-87.62773003
41.76803717,-87.63585867
41.74121487,-87.65334127
41.69170157,-87.63049258
41.79990862,-87.58895421
41.88348008,-87.62773003
41.75128069,-87.67209745
41.87679825,-87.62779619
41.74257208,-87.63393578
41.66438072,-87.55455617
41.76630143,-87.58420734
41.76443125,-87.69290337
41.83078008,-87.62160902
41.75351389,-87.58350214
41.97351588,-87.75713228
41.88333447,-87.62502884
41.92351257,-87.68540256
41.93641809,-87.79821838
41.79410077,-87.62794478
41.90672602,-87.69272119
41.9218091,-87.65603864
41.8804914,-87.75427828
41.85186964,-87.68997643
41.75351389,-87.58350214
41.85892657,-87.70964036
41.76509605,-87.66366053
41.99539968,-87.70914103
41.75320903,-87.63664958
41.87951642,-87.73696963
41.83312351,-87.66733683
41.65681225,-87.60527839
41.81580596,-87.62315782
41.90972865,-87.74672531
41.74999077,-87.59802587
41.70667535,-87.67032809
41.77695759,-87.60599985
41.86671009,-87.62596132
41.77761296,-87.61420113
41.93842405,-87.76953315
41.96150524,-87.66747964
41.87499031,-87.75233048
41.84012621,-87.72458293
41.96051769,-87.77288278
41.86662728,-87.72505116
41.82154434,-87.62007505
41.7456128,-87.60522509
42.00025488,-87.6705966
41.89146112,-87.74905206
41.68154366,-87.62139262
41.79035918,-87.65370587
41.88299268,-87.67937097
41.6863708,-87.6420463
41.87676708,-87.63166671
41.97058177,-87.76806189
41.96181866,-87.7010748
41.89681359,-87.626272
41.88358618,-87.76512034
41.84041791,-87.72215074
41.70331912,-87.62081922
41.97423316,-87.79289687
41.77466732,-87.6943523
41.73774958,-87.6456322
41.87488761,-87.68640798
41.69510445,-87.63182495
41.78879927,-87.67279742
41.90702943,-87.67456306
41.99631731,-87.69486581
41.79114783,-87.73743373
41.73518309,-87.54593049
41.925497,-87.64903977
41.88639537,-87.76493386
41.77728886,-87.70093281
41.76203629,-87.72124571
41.75196952,-87.60536948
41.72741711,-87.59990255
41.78259305,-87.69241836
41.88062907,-87.75003206
41.7133623,-87.56322783
41.86804627,-87.66627324
41.91006528,-87.72648319
41.77541215,-87.68233105
41.79752521,-87.62430954
41.83182613,-87.61683098
41.7726805,-87.66023829
41.94487657,-87.73027744
41.87309145,-87.65896919
41.68582811,-87.62905183
41.93670246,-87.72473119
41.79834066,-87.74436088
41.91615484,-87.67184587
41.94324094,-87.66815491
41.73606965,-87.56254627
41.97447707,-87.65621641
41.72821362,-87.66055613
41.899792,-87.7543427
41.77659893,-87.60569961
41.90468438,-87.69224201
41.85368202,-87.63339466
41.90742356,-87.74620271
41.79755589,-87.65996706
41.76635709,-87.57595545
41.7042794,-87.61505185
41.79209533,-87.78900597
41.75022608,-87.66484488
41.75621945,-87.64208889
41.74278455,-87.63187417
41.79209533,-87.78900597
41.80221773,-87.61544081
41.79209533,-87.78900597
41.92779109,-87.76748803
41.88016775,-87.76253609
41.78742074,-87.6837093
41.68146533,-87.61894077
41.99802988,-87.67881987
41.73599865,-87.60465954
41.76232187,-87.60637041
41.97743065,-87.74821171
41.76292292,-87.69161349
41.94646373,-87.73571752
41.79559024,-87.61939474
41.83730931,-87.7363635
41.97423316,-87.79289687
41.96279304,-87.71726164
41.78924307,-87.74163898
41.97423316,-87.79289687
41.75919014,-87.60067708
41.90359973,-87.63158238
41.85583858,-87.62839001
41.90682086,-87.75451431
41.74934874,-87.72113171
41.79684646,-87.64537116
41.7358271,-87.55263479
41.89307584,-87.7444316
41.79065115,-87.71971579
41.7853211,-87.71143225
41.77198561,-87.67386077
41.75367116,-87.61806735
41.79530158,-87.58820073
41.76323481,-87.58570185
41.76259577,-87.67453973
41.89357198,-87.61598702
41.7787395,-87.61573939
41.81374194,-87.60383772
41.76637262,-87.57373392
41.89244812,-87.75810754
41.81133383,-87.59845451
41.88297552,-87.6993115
41.96549746,-87.65844783
41.84134233,-87.73405436
41.71324477,-87.5511098
41.80683138,-87.60635894
41.78848826,-87.77449369
41.80306465,-87.7219777
41.88282683,-87.62771151
41.88024236,-87.75659763
41.80306465,-87.7219777
41.89513424,-87.71523105
41.80284097,-87.6622407
41.79172605,-87.65374277
41.90381418,-87.62985351
41.93012753,-87.74638778
41.8845464,-87.66704175
41.9583662,-87.65071403
41.68104025,-87.63101129
41.69616079,-87.59584555
,
41.77675615,-87.67642223
41.78543111,-87.62075413
41.69245636,-87.6132209
41.89529939,-87.7214735
41.88620322,-87.71398038
41.90902917,-87.80560733
41.93330702,-87.72716701
41.77523122,-87.64060165
42.01394254,-87.68543858
41.81142607,-87.66854837
41.80306465,-87.7219777
41.91992358,-87.72771625
41.7989425,-87.74185416
41.88053969,-87.732168
41.93562982,-87.78355323
42.00909508,-87.67413651
41.74305908,-87.71708015
41.7351423,-87.60463991
41.9358611,-87.71010417
41.80284097,-87.6622407
41.84754384,-87.70619815
41.72177613,-87.62817224
41.74429952,-87.65706833
41.76768174,-87.62709058
41.89345359,-87.72270683
41.74442755,-87.56031733
41.98049054,-87.71473357
41.6892253,-87.6126272
41.90322357,-87.66844186
41.90766168,-87.6457256
41.86780544,-87.63274131
41.79154914,-87.64522979
41.76306857,-87.67611468
41.88059308,-87.63040571
41.97630355,-87.75323094
41.9318185,-87.71562304
41.82255239,-87.61537514
41.86660566,-87.69725212
41.89484671,-87.75159593
41.73696123,-87.66080925
41.87848014,-87.74568926
41.87176996,-87.70465797
41.75956226,-87.59067417
41.90897762,-87.63867259
41.86705187,-87.7187214
41.79807501,-87.6633283
41.75667093,-87.59297983
41.74583274,-87.63535884
41.97665322,-87.90098446
41.87586084,-87.69703918
41.76760503,-87.57252438
41.75956226,-87.59067417
41.88618306,-87.71533203
41.78992798,-87.66676106
41.97620016,-87.90530873
41.68810938,-87.53749838
41.82356333,-87.62304642
41.96485474,-87.71485911
41.86327152,-87.65926696
41.73493025,-87.61586088
41.87241529,-87.71790999
41.89892083,-87.66658747
41.89446708,-87.66049636
41.69597975,-87.65279638
41.79249319,-87.61739021
41.76406509,-87.61125146
42.01599464,-87.81375811
41.86303679,-87.70850643
41.72591884,-87.64197419
41.78776941,-87.68616621
41.9661512,-87.6708031
41.78683248,-87.63264458
41.96412802,-87.63865109
41.79101531,-87.68899016
41.90289458,-87.67373129
41.88082691,-87.72625317
41.94661562,-87.69116776
41.76543174,-87.6090698
41.853791,-87.68225262
41.92338637,-87.69966854
41.90247661,-87.73153616
41.88455236,-87.62805976
41.78082928,-87.64100704
41.82673038,-87.60683831
41.8717676,-87.70472776
41.95680476,-87.6461167
41.82390798,-87.61976631
41.77956577,-87.64492895
41.88948205,-87.72362242
41.91104849,-87.68738761
41.72145496,-87.65227123
41.97693165,-87.69228653
41.79321524,-87.68783498
41.7783729,-87.60848792
41.89485055,-87.75343971
41.82135371,-87.68954458
41.86489926,-87.62424113
41.67173879,-87.64035812
41.89487485,-87.62250291
41.70912501,-87.60879391
41.74934874,-87.72113171
41.77542091,-87.68339414
41.7184723,-87.62066285
41.98124242,-87.65497516
41.89953476,-87.72269298
41.77014248,-87.67595817
41.89903326,-87.66751929
41.89058827,-87.62426559
41.91221493,-87.70121923
41.76237809,-87.61049698
41.80291974,-87.67730304
41.77856305,-87.7229034
41.68810938,-87.53749838
41.7339562,-87.58913735
41.72112069,-87.56572129
41.87629875,-87.72466938
41.76209839,-87.69188194
41.87793505,-87.73842375
41.80564015,-87.7331658
41.84320298,-87.72466753
41.87488736,-87.68636392
41.89903326,-87.66751929
41.96253686,-87.78183287
41.78205022,-87.67169709
41.74829753,-87.63317004
41.7073941,-87.6028439
41.76864999,-87.57284561
41.73875343,-87.70095195
41.73020114,-87.65181617
41.75110237,-87.60928587
41.81527277,-87.66652033
41.75267773,-87.56125549
41.93186205,-87.78070801
41.92332115,-87.73666845
41.91221493,-87.70121923
41.88053842,-87.75055432
41.75182572,-87.64756722
41.90506745,-87.72897709
41.90020355,-87.76586931
41.90961638,-87.72514651
41.88008678,-87.67893424
41.79383129,-87.77390821
41.68171367,-87.64433289
41.80764674,-87.73273993
41.79844425,-87.6730688
41.74411342,-87.65949241
41.86407932,-87.72740284
41.88538392,-87.76351058
41.79328911,-87.79541703
41.85800071,-87.66599955
41.77475608,-87.60720886
41.76470664,-87.59688651
41.89666434,-87.752865
41.68064993,-87.62154158
41.7012637,-87.6186228
41.90268203,-87.67494937
41.7184723,-87.62066285
41.90495006,-87.75958964
41.97693165,-87.69228653
41.85352841,-87.72495139
41.86764684,-87.63058794
41.79942788,-87.58972628
41.69224059,-87.64290246
41.85159784,-87.62690966
41.78514145,-87.60866835
41.97665322,-87.90098446
41.86286641,-87.68713857
41.97665322,-87.90098446
41.82964147,-87.61459878
41.71627072,-87.64808085
41.94166719,-87.65155746
41.86662609,-87.69549335
41.75522389,-87.56280823
41.90724035,-87.76100921
41.9954732,-87.68721515
41.90708667,-87.77325116
41.88200513,-87.72125883
41.76154483,-87.56375157
41.9610273,-87.7124511
,
41.80556689,-87.70559537
41.98333097,-87.69324115
41.79970959,-87.67310715
42.0207703,-87.66962917
41.84292601,-87.73409831
41.79089371,-87.67528415
41.87414809,-87.73317154
41.79523745,-87.77809131
41.95862418,-87.76064893
41.75760153,-87.56255989
41.76237215,-87.66386479
41.75402348,-87.60296776
41.7730408,-87.69796844
41.82836621,-87.69461845
41.88659803,-87.74684147
41.87777088,-87.74759416
41.94102827,-87.64428293
41.72174769,-87.6302495
41.7933307,-87.70369419
41.91726165,-87.70223128
41.76203791,-87.58860037
41.72863682,-87.5856159
41.9016461,-87.6284888
41.76504065,-87.64317085
41.73863849,-87.58583332
41.92753721,-87.79399306
41.96509046,-87.67197601
41.73316228,-87.54979839
41.91201765,-87.68795464
41.73867153,-87.65113304
41.76513374,-87.65604684
41.78877778,-87.62408325
41.90432982,-87.63160377
41.73324233,-87.55147905
41.90970663,-87.67149731
41.76499858,-87.64576648
41.88906421,-87.63710716
41.97899492,-87.6714276
41.99162815,-87.79805783
41.95381158,-87.70768309
41.87149375,-87.62736988
41.69972289,-87.62107496
41.76655114,-87.6199917
41.77016575,-87.57381381
41.88462246,-87.64779418
41.74583784,-87.58599166
41.92067362,-87.72996525
41.96549359,-87.65872365
41.88418618,-87.72165666
41.89140518,-87.75317339
41.8521101,-87.67287321
41.91103736,-87.63621448
41.79751465,-87.69012429
41.79478404,-87.60636675
41.99867502,-87.68031058
41.79587912,-87.6328871
41.80174208,-87.64259743
41.74257208,-87.63393578
41.81924013,-87.63137058
41.73523251,-87.54593355
42.00175039,-87.68160728
41.95889593,-87.71566676
41.80584375,-87.6613951
41.8759868,-87.7453853
41.71288618,-87.57167202
41.94060704,-87.81646564
41.78432945,-87.71634411
41.7733333,-87.60441309
41.90748789,-87.66745716
41.91038035,-87.75021683
41.75595015,-87.64066243
41.80306666,-87.68384103
41.9927528,-87.67546024
41.74695792,-87.63536131
41.78000554,-87.63594164
41.80839551,-87.67602573
41.76692553,-87.63854295
41.8560013,-87.64389329
41.75678346,-87.59170677
41.77033492,-87.68325119
41.87828194,-87.76133009
41.946207,-87.67235501
41.74493518,-87.66865209
41.87305405,-87.74447957
41.88052173,-87.6518039
41.67966371,-87.66008831
41.78436875,-87.68607941
41.7363113,-87.55402486
41.71153134,-87.6513212
41.97034357,-87.71239373
41.7594901,-87.59310137
41.76966234,-87.65195585
41.68406104,-87.61887179
41.78097659,-87.67016456
41.97949794,-87.7113265
41.8865236,-87.75543572
41.70279545,-87.62801713
41.9392135,-87.70839919
41.76149063,-87.64198467
41.75948028,-87.68163444
41.82301549,-87.6214382
41.89065994,-87.62788239
41.90214744,-87.7191233
,
41.90708667,-87.77325116
41.96190398,-87.65218375
41.76596296,-87.60497672
41.70336121,-87.62274131
41.90061056,-87.74746261
41.76302174,-87.66090739
41.74868209,-87.66597127
41.9787871,-87.68941031
41.84903689,-87.73240799
41.74829755,-87.60622084
42.01783128,-87.68256919
41.91057563,-87.77290104
41.882403,-87.76116848
41.89142698,-87.75043332
41.80089672,-87.65640755
41.90861364,-87.69313949
41.87697767,-87.74328323
41.77125807,-87.66384572
41.72173463,-87.62454993
41.7723621,-87.58398285
41.89019192,-87.76352662
41.73638187,-87.61540139
41.71840498,-87.57084132
41.72301116,-87.64218852
41.79362988,-87.75485174
41.72438905,-87.66260713
41.90861309,-87.7523894
41.85434287,-87.66227519
41.92534919,-87.77712995
41.83580386,-87.64120749
41.76400978,-87.66515634
41.92680169,-87.70393422
41.95382684,-87.70545142
41.8676804,-87.69608131
41.88025494,-87.62450469
41.70009035,-87.61573563
41.75144733,-87.65269823
41.72831428,-87.55522421
41.92058756,-87.73713117
41.74343744,-87.63138337
41.79091973,-87.63687211
41.72245512,-87.53877438
41.8330332,-87.62073643
41.98124242,-87.65497516
41.78590318,-87.61591252
41.85171385,-87.7201933
41.78299284,-87.60739092
41.86457278,-87.72161236
41.88124017,-87.73809565
41.74319301,-87.66306371
41.95871935,-87.77101979
41.76352417,-87.64244302
41.77034466,-87.6082997
41.70110059,-87.61710859
41.79962305,-87.70114236
41.78294394,-87.59455494
41.93073636,-87.65237947
41.90117885,-87.75836713
41.84413652,-87.70488452
41.76646456,-87.60574815
41.88943854,-87.75554534
41.77349626,-87.69596963
41.77412079,-87.62501462
41.8791338,-87.69736657
41.7994555,-87.78095222
41.87813638,-87.72189428
41.93618053,-87.76533365
41.76481416,-87.57919557
42.00163093,-87.66089533
41.79138855,-87.65980792
41.84535273,-87.6319697
41.65518737,-87.60741175
41.86815872,-87.66390401
41.88944513,-87.75250067
41.88605151,-87.75542162
41.92649063,-87.79670283
41.86166865,-87.65969495
41.89949549,-87.64172127
41.87911112,-87.723027
41.93663316,-87.7955005
42.00709032,-87.6648594
41.73810795,-87.70284524
41.81200656,-87.61807899
41.88867335,-87.7540024
41.95363285,-87.71879466
41.77305461,-87.62256648
41.76841866,-87.68506307
41.92982252,-87.68460372
41.75401141,-87.56370231
41.84007076,-87.72915236
41.74652906,-87.64984426
41.69451063,-87.62272157
41.81704189,-87.68700148
,
41.84968846,-87.70044044
41.7780902,-87.68712511
41.75921001,-87.56015827
41.70771477,-87.54027066
41.88348008,-87.62773003
41.93909336,-87.76391479
41.74887263,-87.60041329
41.73081451,-87.61906101
41.8808024,-87.72836855
41.7396262,-87.56376418
41.94084168,-87.72439043
41.77297432,-87.68605834
41.77975675,-87.70507355
41.76909571,-87.68443674
41.78130131,-87.72125319
41.78861041,-87.61921551
41.68695882,-87.66963726
41.90271101,-87.73070744
41.89942911,-87.7178123
41.75071643,-87.60380415
41.77426812,-87.68336178
41.86423773,-87.710334
41.96355752,-87.71551511
41.93202873,-87.71644423
41.86296454,-87.71544186
41.70699205,-87.6281031
41.7777877,-87.66259728
41.93765374,-87.72403117
41.97079647,-87.75442455
41.78763705,-87.60622749
41.78285878,-87.59326163
41.83425131,-87.6436057
41.73797063,-87.64542465
41.78227761,-87.67020248
41.82134846,-87.61068895
41.89239805,-87.70508378
41.95967513,-87.68333038
42.00874694,-87.90692301
41.80840119,-87.69355868
41.9027928,-87.72488067
41.89006321,-87.63621855
41.89535345,-87.71619125
41.89659797,-87.62601726
41.97854153,-87.66847539
41.8829568,-87.62608694
41.80932274,-87.6132597
41.88584345,-87.63230556
41.87771846,-87.65481164
41.92377106,-87.72048867
41.8993793,-87.69857991
41.76519728,-87.60324425
41.80777015,-87.72386598
41.72131415,-87.66333142
41.89061505,-87.62682883
41.8804637,-87.75640836
41.87936862,-87.74717197
41.68067504,-87.63910546
41.68139601,-87.63670723
41.74440763,-87.55655063
41.79725608,-87.66360454
41.8758077,-87.74524374
41.78994138,-87.70668291
41.87699964,-87.72539711
41.65789583,-87.5974533
41.68062517,-87.61931979
41.88098723,-87.69311422
41.73820719,-87.72897591
41.8955127,-87.63431913
41.89923027,-87.62968344
41.73383886,-87.58670232
41.76567664,-87.61091815
41.92402357,-87.72049728
41.8951525,-87.74375506
41.7050658,-87.55948896
41.7308894,-87.58259298
41.82190332,-87.69905218
41.85557745,-87.62564353
41.88282683,-87.62771151
41.88554042,-87.62808194
41.7528496,-87.6430266
41.89647726,-87.63138856
41.7796884,-87.66193953
41.8805619,-87.73012242
41.88282683,-87.62771151
41.87973683,-87.64948782
41.88348008,-87.62773003
41.90684438,-87.68302164
41.92447184,-87.73683411
41.75701611,-87.59033702
41.87874619,-87.72666209
41.88030006,-87.75225667
41.88062587,-87.76305345
41.94064218,-87.72661972
41.78211787,-87.6972812
41.73920094,-87.60504105
41.74623814,-87.54808203
41.760692,-87.58714616
41.77113207,-87.5864203
41.90867284,-87.75607361
41.94804299,-87.72759353
41.77009769,-87.58814423
41.70617785,-87.6215677
41.73514645,-87.56854031
41.6857665,-87.68236789
41.93398843,-87.64458657
41.86880452,-87.63909668
41.93562469,-87.72693925
41.91088891,-87.64207222
41.73704381,-87.55156851
41.87951515,-87.70232375
41.87646017,-87.66675122
41.95289726,-87.64891587
41.83644751,-87.66556665
41.89889384,-87.75309826
41.86880452,-87.63909668
41.93453527,-87.76282337
41.77733693,-87.61570003
41.77246263,-87.57172646
41.78337814,-87.63863669
41.94061202,-87.80669226
41.78347012,-87.68878705
41.74705471,-87.62829145
41.95315136,-87.6870803
41.7115712,-87.62346396
41.762107,-87.62468859
41.77269731,-87.70436893
41.76731331,-87.57281375
41.8977653,-87.62395846
41.87951679,-87.7370394
41.86025851,-87.72881185
41.91846903,-87.68838935
41.9026938,-87.73161126
41.78147552,-87.67532179
41.92628486,-87.63135587
41.93917534,-87.82773523
41.8951346,-87.7520855
41.74293642,-87.66518432
41.89987004,-87.62572403
41.88489866,-87.75048165
41.7901282,-87.6241197
41.89833856,-87.61992637
41.89892083,-87.66658747
41.92053844,-87.75816765
41.75439563,-87.55717785
41.975183,-87.75304988
41.7656199,-87.62963142
41.88460575,-87.62603204
41.84402217,-87.72804721
41.87966381,-87.72478433
41.85630053,-87.69420476
41.90479341,-87.7311397
41.8864407,-87.76190367
41.92685101,-87.73893597
41.73260449,-87.62226888
41.95201533,-87.7063956
41.69944916,-87.66505244
41.67382588,-87.65811034
41.85945182,-87.68749599
41.96222212,-87.70108552
41.76425222,-87.7189154
41.78423149,-87.68851176
41.84542968,-87.72229021
41.87357542,-87.74931045
41.77564863,-87.66426199
41.69197852,-87.67541822
41.91061479,-87.6540776
41.73311061,-87.65189899
41.75241286,-87.601718
41.97475219,-87.89037291
41.96678002,-87.76729757
41.77265549,-87.58520753
42.0155574,-87.66507985
41.76756895,-87.61905668
41.87844137,-87.74884754
41.75014299,-87.67135054
41.78265143,-87.73005835
41.86329344,-87.71792038
41.75465824,-87.58433908
41.9315215,-87.75556629
41.87289353,-87.70537396
41.76811343,-87.68592758
41.7686538,-87.66432735
41.85353027,-87.63371198
41.90924211,-87.63207165
41.87319943,-87.6756963
41.91237718,-87.64817327
41.75464436,-87.74138513
41.88309975,-87.63015056
41.8984288,-87.72114243
41.74295391,-87.72567386
41.90221954,-87.76788651
41.90746371,-87.70907263
41.71495964,-87.66781094
41.88041714,-87.7602645
41.88041478,-87.76034163
41.77474016,-87.61208858
41.79510731,-87.64503404
41.76362172,-87.69192542
41.73863849,-87.58583332
41.76376443,-87.64452241
41.88940062,-87.71506597
41.87869657,-87.62947178
41.68163276,-87.635471
41.97280137,-87.72709422
41.87927406,-87.75449858
41.90561264,-87.63496204
41.92292531,-87.74611941
41.97620016,-87.90530873
41.89238272,-87.62823072
41.83771819,-87.67461018
41.98179789,-87.69046128
41.87679825,-87.62779619
41.84549416,-87.684025
41.87179732,-87.70214265
41.79460236,-87.69989351
41.86775052,-87.6189265
41.78070974,-87.76808267
41.77669435,-87.69318466
41.99015516,-87.71873776
41.86880452,-87.63909668
41.89962071,-87.71874346
41.80970961,-87.60066291
41.74808655,-87.58954951
41.74808655,-87.58954951
41.78005316,-87.64980002
41.68060473,-87.62044752
41.96061455,-87.76523068
41.76593818,-87.57902113
41.77299164,-87.67510056
41.74537063,-87.69264944
41.75143914,-87.61265365
41.78699431,-87.68888009
41.7681776,-87.56741864
41.76051747,-87.68939431
41.80156316,-87.65494083
41.85781382,-87.65657117
41.88348008,-87.62773003
,
41.86235893,-87.70900495
41.75026379,-87.6099073
41.96888154,-87.71352579
41.82796327,-87.67048338
41.99950477,-87.66052774
41.8895826,-87.76350633
41.79739086,-87.60372979
41.76503101,-87.60905965
41.8724034,-87.70356863
41.96873979,-87.65496442
41.81660618,-87.61240774
41.90565114,-87.72259429
41.74257208,-87.63393578
41.94029467,-87.65426625
41.76854566,-87.62033985
41.77897829,-87.61574406
41.8880743,-87.63497315
41.72591621,-87.66142265
41.97879171,-87.83673408
41.7374158,-87.55745928
41.86004382,-87.72973528
41.88138938,-87.75006186
41.93946479,-87.70416256
41.87086604,-87.70597024
41.93254449,-87.78223832
42.01029818,-87.66155468
41.90720851,-87.75574515
41.88598848,-87.68794125
41.76396795,-87.57946573
41.9140048,-87.76209141
41.8668117,-87.62865129
41.73863849,-87.58583332
41.76285801,-87.70169032
41.86229335,-87.71057314
41.88300942,-87.74647402
41.8399376,-87.6612257
41.78980752,-87.66068986
41.90163481,-87.77063932
41.72852052,-87.5947905
41.7803188,-87.64465325
41.95670929,-87.78436107
41.87754713,-87.7478459
41.75519074,-87.56523483
41.95046025,-87.70806877
41.88464056,-87.73867737
41.88375537,-87.7479912
41.92392794,-87.7615399
41.7451943,-87.66224039
41.76836668,-87.66403341
41.88235746,-87.62769464
41.89465755,-87.72101684
41.78489402,-87.64748628
41.96242948,-87.6998738
41.88311528,-87.62508634
41.89967615,-87.75586079
41.80892192,-87.60669844
41.89362923,-87.76549411
41.69847013,-87.61732452
41.78423149,-87.68851176
41.8698548,-87.71380778
41.97046344,-87.65780705
41.77099335,-87.68224743
41.69296305,-87.67386307
41.95380006,-87.66568493
41.89559234,-87.72134582
41.68434212,-87.64606209
41.87385614,-87.70125953
41.81388971,-87.67175101
41.84603272,-87.71498089
41.87911079,-87.6321368
41.89365949,-87.75943727
41.88459298,-87.6965339
41.88533904,-87.63554645
41.93631808,-87.70033441
41.80089672,-87.65640755
41.79191599,-87.6740929
41.79928838,-87.78674828
41.77374823,-87.60320228
41.77855845,-87.7220382
41.68674258,-87.65330377
41.70699158,-87.64660464
41.78933905,-87.66553141
41.789589,-87.59302654
41.9224229,-87.71829686
41.86651269,-87.70579252
41.96057059,-87.77472802
41.75128078,-87.56001523
41.78365245,-87.60711216
41.8310373,-87.60832704
41.78365245,-87.60711216
41.94160949,-87.66886288
41.7275099,-87.54671657
41.96821631,-87.7608719
41.72404994,-87.60466269
41.976608,-87.65972436
41.74043833,-87.54311821
41.78882511,-87.70479434
41.74772487,-87.60592681
41.77569846,-87.64482733
42.01711535,-87.67779989
41.9148415,-87.69829813
41.77569846,-87.64482733
41.93447672,-87.63682296
41.86403002,-87.65571999
41.78933905,-87.66553141
41.87491141,-87.74491783
41.75115356,-87.60047896
41.73798703,-87.58188378
41.78029804,-87.68251629
41.8951525,-87.74375506
41.86407932,-87.72740284
41.7887083,-87.62216625
41.70210206,-87.53542898
41.96225197,-87.74865945
41.77963185,-87.64542321
41.90282143,-87.7559353
41.89442833,-87.71003701
41.88234985,-87.76538835
41.76443686,-87.70635933
41.91609309,-87.69833716
41.76442694,-87.70705587
41.9973495,-87.70538061
41.72683003,-87.62087088
41.88523653,-87.62463325
41.73330125,-87.60210712
41.90327519,-87.62922393
41.86225523,-87.71826808
41.85731787,-87.64882737
41.86181577,-87.62931921
41.8240822,-87.63878754
41.72907833,-87.62899726
41.82371064,-87.61804047
41.90058817,-87.72365636
41.96593262,-87.65871534
41.98292509,-87.6578482
41.89494247,-87.76690758
41.77988659,-87.62903917
41.75103883,-87.70378882
,
41.93857339,-87.71383775
41.87184281,-87.71657534
41.81032363,-87.71232392
41.70817942,-87.64515272
41.73580822,-87.54986149
41.97204799,-87.66456402
41.88877784,-87.68038804
41.89605424,-87.74675129
41.75088006,-87.62468749
41.9339941,-87.64920621
41.76697892,-87.62348397
41.79985526,-87.73055717
41.93084262,-87.77702343
41.65929336,-87.55384165
41.92923934,-87.76846011
41.77198561,-87.67386077
41.79930574,-87.60406382
41.89259833,-87.67710604
41.74971917,-87.66356751
41.90237312,-87.76398036
41.98469695,-87.65536883
41.72209372,-87.62359359
41.85831547,-87.64173935
41.78947632,-87.69597638
41.8665738,-87.62566545
41.70426749,-87.53150944
41.92528512,-87.64161551
41.71093532,-87.62226235
,
41.86370514,-87.71793112
41.91022048,-87.72159921
41.74517771,-87.66316033
41.89050115,-87.71968662
41.86294642,-87.71666452
41.78461135,-87.61911322
41.71912828,-87.63814965
41.74934379,-87.60545778
41.68465442,-87.61150305
41.97073543,-87.70472644
41.73642899,-87.585782
41.77606885,-87.61566651
41.75818504,-87.60186135
41.78315726,-87.71883394
41.96094759,-87.71905896
41.75381581,-87.58350962
41.85367243,-87.70883616
41.95464175,-87.65154419
41.89621234,-87.72596056
41.74999077,-87.59802587
41.99460793,-87.67355766
41.71655952,-87.62288164
41.94362429,-87.80709753
41.87262995,-87.71089505
41.81047117,-87.74827003
41.78541277,-87.65722312
41.69789785,-87.62818416
41.87836828,-87.75446269
41.90990069,-87.71517679
41.84102848,-87.63163526
41.79434712,-87.69001294
41.90287457,-87.69052627
41.83209903,-87.69472811
41.8519622,-87.69921778
41.75174895,-87.57342261
41.8714764,-87.74507417
41.86298536,-87.71319494
41.87517841,-87.72402276
41.924886,-87.63823546
41.75418097,-87.55021347
41.8781067,-87.77310036
41.90948728,-87.66536804
41.93528118,-87.74746148
41.78024414,-87.77387966
41.86172796,-87.70904413
41.6920556,-87.61320706
41.77884411,-87.6701352
41.88199263,-87.6849776
41.89505427,-87.75520089
41.90534498,-87.69063373
41.79665004,-87.69402763
41.77489797,-87.61537528
41.92868679,-87.66693907
41.71335877,-87.56352088
41.74386299,-87.66312636
41.8053974,-87.66109167
41.7725008,-87.65025047
41.75669983,-87.57013531
41.89393463,-87.6302521
41.74600211,-87.67954645
41.89483949,-87.69595097
41.87916482,-87.72332025
41.89447379,-87.72620475
41.87216438,-87.68770582
41.66070121,-87.54940389
41.89968566,-87.74798165
41.92527038,-87.66743764
41.78004216,-87.6507204
41.93954548,-87.80570497
41.75848496,-87.60457748
41.86589797,-87.73142775
41.717313,-87.64202981
41.85651586,-87.61897447
41.97099706,-87.77048157
41.8360554,-87.64516424
41.68048278,-87.65889737
41.87417738,-87.65696769
41.75284938,-87.55092964
41.89578383,-87.67796964
41.74552525,-87.66346086
42.01769212,-87.66834374
41.87757993,-87.67629398
41.881678,-87.74745933
41.97237754,-87.70844284
41.89441793,-87.66382453
42.02263167,-87.67119601
41.69249567,-87.63968869
41.73799752,-87.66297484
41.90464759,-87.64100444
41.93996635,-87.64247131
41.91986922,-87.69488623
41.924886,-87.63823546
41.95538763,-87.71036617
41.75519638,-87.60270525
41.78035168,-87.6155051
41.96892545,-87.67459495
41.77913285,-87.6846582
41.88511028,-87.62463097
41.88029006,-87.75299119
41.86349929,-87.71792575
41.75758519,-87.59091687
41.93980892,-87.65333415
41.85463394,-87.71256719
41.85558063,-87.73268077
42.012615,-87.66969924
41.97256554,-87.65270267
41.89676968,-87.62939824
41.7645294,-87.58348753
41.75152724,-87.55303826
41.91458807,-87.71521974
41.72475308,-87.66291105
42.01225531,-87.67442769
41.77634092,-87.61178468
41.76560933,-87.56665376
41.77412153,-87.59590997
41.83080244,-87.61462249
41.79195795,-87.61605402
41.77690764,-87.66888298
41.91458807,-87.71521974
41.80261735,-87.73185898
41.79262493,-87.76242234
41.7796303,-87.66092089
41.76375946,-87.62742683
41.80946127,-87.60346813
41.93271617,-87.71772389
41.75710668,-87.55835099
41.97222497,-87.71117295
41.7522943,-87.66279312
41.9083183,-87.72877377
41.75781466,-87.556312
41.95166914,-87.66027375
41.99176722,-87.6797117
41.80721686,-87.6927892
41.77071825,-87.64769596
41.91921073,-87.76765937
41.72222992,-87.62520751
41.78146514,-87.64498197
41.8920185,-87.61419373
,
41.65785326,-87.60325764
41.76143131,-87.5970999
41.86309541,-87.70366365
41.99231114,-87.6978965
41.96844902,-87.71882878
41.93168819,-87.74301815
42.00336588,-87.67472914
41.88448043,-87.69652767
41.76308667,-87.5806673
41.76235586,-87.69771832
41.80133941,-87.69293209
41.93521791,-87.65566525
41.86714315,-87.63936798
41.94568455,-87.76660201
41.79109796,-87.62606719
41.86704968,-87.71882422
41.89770409,-87.68509786
41.67521105,-87.628732
41.96755839,-87.77607164
41.88455236,-87.62805976
41.88448043,-87.69652767
41.76308667,-87.5806673
41.87671629,-87.74529049
41.75780189,-87.56256482
41.77700432,-87.64064856
41.93545109,-87.81413305
41.77450172,-87.63704976
41.77913285,-87.67405152
41.76552625,-87.69290715
41.93799879,-87.6877442
41.9992817,-87.68276558
41.82259005,-87.71223109
41.76476736,-87.58378533
42.01844417,-87.69347426
,
41.88036822,-87.72307012
41.93162222,-87.74674525
41.86714315,-87.63936798
41.76421693,-87.69532105
41.75464436,-87.74138513
41.87538652,-87.72497178
41.75092396,-87.66451514
41.85417153,-87.71383802
41.97362784,-87.72562643
41.78405356,-87.59044294
41.73618681,-87.64863859
41.76560933,-87.56665376
41.89692395,-87.74778648
41.76404046,-87.64938353
41.73867137,-87.55889145
41.94941061,-87.76759463
41.88059492,-87.72753326
41.76450548,-87.561231
41.83759872,-87.72665455
41.79464344,-87.63141534
42.02123712,-87.66731315
41.87896981,-87.72639559
41.88438541,-87.62679464
41.92493003,-87.70042127
41.75210708,-87.65242373
41.90740127,-87.75206975
41.70309944,-87.56459172
41.89632625,-87.75059079
41.68325164,-87.6422371
41.94564495,-87.77815558
41.90149291,-87.69669661
41.87275834,-87.71586892
41.88045011,-87.73974074
41.75933583,-87.66461473
41.72929063,-87.55109102
41.95258086,-87.65339693
41.89676968,-87.62939824
41.74053564,-87.63979483
41.76591404,-87.60983048
41.75198775,-87.64300285
41.96834688,-87.72853378
41.87358248,-87.70540026
41.76052496,-87.70965583
41.77902219,-87.69232193
41.78128854,-87.72298021
41.76650892,-87.67402316
41.68246483,-87.62080039
41.8673627,-87.63936927
41.93813589,-87.75681871
41.88543103,-87.6672125
41.76116085,-87.68327416
41.92749174,-87.71476813
41.81291812,-87.61683265
41.90774428,-87.66624218
41.77154855,-87.56674067
41.7462664,-87.60616314
41.89144548,-87.63608232
41.75360929,-87.67186832
41.92380451,-87.71648671
41.78588767,-87.6484437
41.89144548,-87.63608232
41.89679256,-87.62775981
41.93828905,-87.76663809
41.79367384,-87.65595549
41.77879947,-87.67525749
41.88711963,-87.76433616
41.96599644,-87.6546442
41.75063867,-87.6635946
41.77571602,-87.68365512
41.7526022,-87.6503039
41.9800772,-87.71136868
41.9386064,-87.75542883
41.95436544,-87.71062611
41.90818953,-87.69434871
41.95874453,-87.76887978
41.96659662,-87.72190222
41.80371047,-87.59038463
41.9145985,-87.67130715
41.91760844,-87.69645195
41.88029006,-87.75299119
41.81097784,-87.62344958
41.92296218,-87.79507884
41.72842885,-87.54505682
41.97222921,-87.65615564
41.72168254,-87.63486566
41.87981153,-87.74954009
41.7195027,-87.61910204
41.94958896,-87.71338187
41.91531229,-87.68530916
41.68899511,-87.6286109
41.8630504,-87.70747838
41.90564828,-87.76590192
41.97052215,-87.65985835
41.78560404,-87.61503218
41.83166501,-87.65492396
,
41.90255145,-87.7740218
41.9036275,-87.70861041
41.82530811,-87.67500157
41.78078163,-87.68504856
41.97475219,-87.89037291
41.79257219,-87.67319141
41.90276989,-87.63726685
41.8625658,-87.66012607
41.88178508,-87.73839538
41.90940826,-87.77212139
41.89297569,-87.7749244
41.87990092,-87.72344177
41.87627164,-87.73517855
41.76057167,-87.70162844
41.80051636,-87.72322688
41.91272223,-87.73023119
42.00779479,-87.68822375
41.7519062,-87.56119877
41.95503924,-87.7840335
41.72256578,-87.57630143
41.87671629,-87.74529049
41.8412852,-87.63188201
41.93252491,-87.71583673
41.91097422,-87.64074504
41.90246693,-87.63302373
41.8853905,-87.71492101
41.77523468,-87.66151672
41.89891991,-87.75554803
41.8411425,-87.72216953
41.8740835,-87.66719816
41.74898342,-87.62641605
41.94370647,-87.73164482
42.01224024,-87.69705055
42.01202976,-87.69670307
41.92281612,-87.73665111
41.77709636,-87.69441251
41.75519556,-87.61519909
41.74908878,-87.60376028
41.89524665,-87.7198175
41.74911067,-87.63195555
41.89891991,-87.75554803
41.74879473,-87.60283281
41.75026379,-87.6099073
41.76098336,-87.55738802
41.86804627,-87.66627324
41.79505004,-87.68861236
41.90584913,-87.76711977
41.92227157,-87.70254201
41.76864999,-87.57284561
41.90534498,-87.69063373
41.92227157,-87.70254201
41.87989877,-87.64949343
41.89484503,-87.75180531
41.80892192,-87.60669844
41.761829,-87.62144783
41.809199,-87.61673105
41.88174339,-87.64132886
41.95773817,-87.67569917
41.7123883,-87.63454144
41.74257208,-87.63393578
41.91151777,-87.73237339
41.76471769,-87.68867053
41.6814463,-87.67073723
41.77780292,-87.61210925
41.88968245,-87.63092675
41.77382965,-87.67002555
41.87868207,-87.74707543
41.90371595,-87.63129091
41.79642202,-87.6478218
41.9386181,-87.75448413
41.87357542,-87.74931045
41.93984299,-87.75413123
41.7761815,-87.68492624
41.87169344,-87.71329803
41.7810148,-87.64860922
41.85169772,-87.72180112
41.87167108,-87.71373149
41.89795366,-87.62424288
41.70748867,-87.65591244
41.87449011,-87.6273112
41.86098475,-87.72395195
41.9330867,-87.66615457
41.88690449,-87.67526931
41.7348136,-87.55981344
41.77748865,-87.66308067
41.7726306,-87.58644324
41.893153,-87.71883117
41.80371047,-87.59038463
,
42.00182197,-87.67205197
41.8950183,-87.62440023
41.81660867,-87.70037371
41.77508408,-87.66912543
41.71081727,-87.63207898
41.81400626,-87.70773597
41.73673275,-87.60660777
41.83182613,-87.61683098
41.80306465,-87.7219777
41.72117673,-87.6433547
41.76940476,-87.66651901
41.96950764,-87.65953441
41.84390499,-87.6205791
41.8998426,-87.73005486
41.88345161,-87.77347966
41.69516962,-87.62633924
41.87951679,-87.7370394
41.76471769,-87.68867053
41.80882487,-87.66483022
41.77779871,-87.60146253
41.762107,-87.62468859
41.99005092,-87.70656323
41.80440915,-87.74292622
41.95355363,-87.74505897
41.95355363,-87.74505897
41.89313556,-87.71151137
42.01802049,-87.69033577
41.93982395,-87.65262829
41.79155795,-87.70120695
41.77658636,-87.70293778
41.90454138,-87.72913267
41.80306465,-87.7219777
41.97709751,-87.81782563
41.74550061,-87.65831262
41.86600611,-87.72902571
41.89984015,-87.7546398
41.87672232,-87.63467815
41.89928756,-87.62427588
41.86339499,-87.71792308
41.79317992,-87.63397996
41.92214615,-87.67482648
41.8858374,-87.6340133
41.9095012,-87.74732622
41.87014867,-87.7303525
41.77620447,-87.67640953
41.80962163,-87.6846148
41.90946359,-87.75018109
41.69965902,-87.62583967
41.84009292,-87.61700299
41.88158369,-87.7564754
41.85880286,-87.66661526
41.97864771,-87.70386159
41.91074814,-87.65203721
41.75303427,-87.55715027
41.7418269,-87.56866257
41.86721174,-87.72348529
41.97576392,-87.78526396
41.8843795,-87.62806533
41.88046797,-87.75616596
41.74501641,-87.59905003
41.86495761,-87.62081156
41.85046424,-87.70779928
41.82390798,-87.61976631
41.67773077,-87.65572677
41.78018592,-87.61576726
41.80306465,-87.7219777
41.94438169,-87.74920871
41.79226747,-87.64374428
41.75782279,-87.635841
41.75782279,-87.635841
41.91929988,-87.72187627
41.88044602,-87.75780759
41.69088526,-87.70065213
41.90995065,-87.71121594
41.98629626,-87.69697792
41.79028903,-87.65856533
41.89313825,-87.68617242
41.86501486,-87.62563124
41.88182066,-87.63550394
42.01832728,-87.6728378
41.89214858,-87.74717267
41.65527965,-87.61686997
41.96947406,-87.7294461
41.79940423,-87.73299294
41.86381874,-87.63015996
41.88240935,-87.76079019
41.9172935,-87.65348872
41.83109013,-87.61367259
41.80427499,-87.58434466
41.75632516,-87.56374796
41.87771846,-87.65481164
41.87611714,-87.69723492
41.88323677,-87.71196357
41.87184115,-87.7167773
41.91040884,-87.7741516
41.91992001,-87.74604775
41.88489866,-87.75048165
41.7464525,-87.66955255
41.74509158,-87.65735684
41.90260222,-87.72155072
41.88255477,-87.62453068
41.87470345,-87.70866085
41.74885376,-87.73500695
41.71166436,-87.64189256
,
41.91766185,-87.65871326
41.89008294,-87.63269625
41.79101531,-87.68899016
41.67100398,-87.64641262
,
41.88323878,-87.74571176
41.93899448,-87.74271186
41.79166173,-87.66193927
41.79370845,-87.69902953
41.81030017,-87.60376673
41.89776012,-87.61958019
41.90778189,-87.72905068
41.76439554,-87.64910118
41.77335498,-87.56848984
41.89062774,-87.72335811
41.71162905,-87.62216681
41.97657926,-87.65484445
41.6584726,-87.60355072
41.88199509,-87.63983524
41.97869292,-87.83673485
,
41.8760021,-87.73086295
41.8792784,-87.75427087
41.93909336,-87.76391479
41.86426613,-87.72020188
41.69774129,-87.61487195
41.76760868,-87.58267455
41.98797495,-87.6933859
41.72287817,-87.62441282
41.90951184,-87.76361935
41.83056192,-87.61917872
41.67776196,-87.65357403
41.93061727,-87.7101736
41.74939646,-87.56877796
41.82755996,-87.68249646
41.93275719,-87.64154213
41.87183747,-87.71711512
41.78166882,-87.64462414
41.7388208,-87.58728215
41.74295926,-87.58813566
41.81030017,-87.60376673
41.77084608,-87.66898586
41.7501251,-87.59287548
41.89806982,-87.62394408
41.8806152,-87.70626046
41.7637216,-87.58375718
41.98724917,-87.6619258
41.77985526,-87.68380399
41.97678927,-87.84139083
41.86106571,-87.69589369
41.90294249,-87.76535282
41.79326748,-87.65591943
41.8902886,-87.75161158
41.87488736,-87.68636392
41.86753995,-87.62613941
41.80613127,-87.61371724
41.72973578,-87.63600204
41.90536952,-87.68572197
41.86499959,-87.72498582
41.81247012,-87.71240957
41.79440864,-87.66474168
41.94468478,-87.79610183
41.90499294,-87.66880188
41.97027637,-87.69860094
41.87797286,-87.73513698
41.86013693,-87.62096787
41.80015912,-87.62599323
41.82109076,-87.60162646
41.76186206,-87.61048078
41.78821186,-87.72806646
41.70440358,-87.63565328
41.93594793,-87.72011484
41.90727028,-87.69584203
41.95623091,-87.68474405
41.88277086,-87.75407776
42.00030808,-87.67030541
41.90756622,-87.71687083
,
41.88988387,-87.7518907
41.76859322,-87.58299299
41.88433351,-87.66913719
41.9169311,-87.80588394
41.84206425,-87.70482039
41.87019477,-87.70215841
42.01711535,-87.67779989
41.76970403,-87.64559527
41.8804637,-87.75640836
41.76533463,-87.58072534
41.92459772,-87.79390391
41.80285878,-87.68299223
41.79258508,-87.59633645
41.69213742,-87.66585308
41.77953603,-87.61716772
41.87937323,-87.69550981
41.86891237,-87.68282982
41.87572435,-87.71068878
41.69119445,-87.71766329
41.70913304,-87.62105167
41.7427393,-87.54649774
41.92214466,-87.79221592
41.73885736,-87.64273312
41.9689806,-87.75349595
41.89442932,-87.66295393
41.74658225,-87.57604134
41.80233743,-87.65037378
41.87877106,-87.72462022
42.02123786,-87.66744195
41.85325705,-87.67189238
41.84506613,-87.64767712
41.82479949,-87.61838056
41.92524528,-87.73306403
41.92145223,-87.73876561
41.77007075,-87.61713371
41.74677659,-87.71382718
41.80779677,-87.72061591
41.76450611,-87.6102495
41.88561763,-87.63668553
41.89316096,-87.6848463
41.91286663,-87.67126259
41.97665322,-87.90098446
41.7871086,-87.63382227
41.9970342,-87.67362824
41.8341012,-87.67796079
41.75021982,-87.63292927
41.93795339,-87.64864199
41.73322536,-87.66678343
41.78631729,-87.60496638
41.77846161,-87.73019661
41.82713077,-87.60506163
41.75355932,-87.5990333
41.78097774,-87.69804775
41.81134624,-87.69659963
41.879151,-87.77284154
41.77465875,-87.67485256
41.969608,-87.73038989
41.92601774,-87.75853001
41.94849005,-87.64937473
41.76152462,-87.66630371
41.70236588,-87.56528891
41.92231547,-87.69262774
41.78077329,-87.61578271
41.71655952,-87.62288164
41.92069294,-87.72842181
41.72479369,-87.65953313
41.75620437,-87.64460326
41.66794069,-87.62729238
41.85143203,-87.72499694
41.97922945,-87.80687436
41.86908648,-87.68595981
41.76767008,-87.62031655
41.85960696,-87.62579733
41.87726374,-87.76186426
,
41.88227065,-87.62607248
41.74889721,-87.62712427
41.68899806,-87.62819715
41.77011883,-87.56839631
41.80173871,-87.72967763
41.83464644,-87.64634624
41.92988905,-87.70897898
41.77224771,-87.73529182
41.9637212,-87.73396786
41.87520263,-87.64112404
41.92414101,-87.76189443
41.98050319,-87.81785333
41.9328115,-87.79572371
41.85838313,-87.65075422
41.96505502,-87.75813512
41.8240794,-87.68818913
41.75537605,-87.55646969
41.88030504,-87.69331565
41.84369401,-87.62818936
41.86420893,-87.72131112
41.92435634,-87.72839455
41.73266232,-87.65917979
,
41.89322614,-87.75783979
41.72041154,-87.57422783
41.73331755,-87.63201748
41.75820678,-87.62016109
41.9046238,-87.63435935
41.94584413,-87.78019028
41.72835482,-87.58487549
41.88994317,-87.62869092
41.89324556,-87.63786978
41.78778004,-87.71551166
41.9328115,-87.79572371
41.78519377,-87.68882845
41.98424033,-87.71393959
41.83106865,-87.61682108
41.7439833,-87.61491364
41.86910439,-87.68475539
41.78358226,-87.64473566
41.67208349,-87.64795674
41.65716629,-87.60528172
41.75919014,-87.60067708
41.99386519,-87.78767638
41.72120465,-87.56967269
41.88675701,-87.74573093
41.88608908,-87.77184443
42.02264576,-87.67412169
42.00421648,-87.66098584
41.92630882,-87.77808807
41.99744914,-87.78999654
42.0218946,-87.66664752
41.76598983,-87.57644363
41.87033231,-87.74834865
41.86419458,-87.72792306
41.77690764,-87.66888298
41.81411721,-87.7044334
41.82637455,-87.60828793
41.8861992,-87.71425218
41.75408877,-87.64970176
41.75412922,-87.56613439
41.77173523,-87.65536153
41.87834926,-87.75613729
41.8758386,-87.7432423
41.69396014,-87.54025657
41.92920691,-87.79894748
,
41.75191424,-87.63447571
41.76845905,-87.68687353
41.80088341,-87.66491277
41.77360389,-87.68334283
41.71347303,-87.64283277
41.77702122,-87.70366676
41.91956278,-87.77907617
41.80829538,-87.6864255
41.89869437,-87.72879476
41.79626995,-87.69279553
41.75194189,-87.5798007
41.9143822,-87.7152107
41.80571389,-87.67355167
41.77287689,-87.64475486
41.99372333,-87.68252054
41.82206172,-87.69101233
41.76165928,-87.55995293
41.75105394,-87.62440339
41.77601615,-87.63156716
41.75736411,-87.57016043
41.76843726,-87.6592086
41.7476665,-87.58529618
41.89006547,-87.63388271
41.90556461,-87.71923381
41.7766754,-87.64941794
41.93937505,-87.7839952
41.88000967,-87.68323504
41.79680617,-87.71605209
41.81311157,-87.62146351
41.75919695,-87.57259072
41.94800105,-87.66418682
41.91618691,-87.6740831
41.77075228,-87.64512584
41.78253856,-87.71451335
41.6634077,-87.63278395
41.93213521,-87.70822573
41.71163867,-87.64309779
41.93891503,-87.74702024
41.77924072,-87.64977932
41.78050921,-87.69967292
41.94003245,-87.65308184
41.78581603,-87.72390161
41.96123877,-87.71911499
41.86701264,-87.6242912
,
42.00909508,-87.67413651
41.75919014,-87.60067708
41.97454358,-87.81135172
41.8759064,-87.75169062
41.8835685,-87.69292319
41.88077413,-87.7308218
41.81186359,-87.69045029
41.9099381,-87.71244679
41.85954091,-87.65906753
41.74566393,-87.60031787
41.90666626,-87.6820977
41.94387895,-87.64923655
41.8519873,-87.69730521
41.90987474,-87.71749888
,
41.73492553,-87.60551068
41.72489603,-87.6104447
41.85739045,-87.68595665
41.8582571,-87.71780348
41.88311362,-87.73739889
41.74702632,-87.59280482
41.87258267,-87.73136871
41.94002818,-87.65328771
41.865428,-87.69323276
41.69249132,-87.62324907
,
41.85399458,-87.66892261
41.97979758,-87.8003489
41.9014985,-87.77306858
41.76217078,-87.68424994
41.81020293,-87.74948661
41.84201671,-87.71121018
41.70747462,-87.65121759
41.75575123,-87.55190227
,
41.87345554,-87.71589893
41.75158448,-87.56273815
41.86764684,-87.63058794
41.76134375,-87.60532218
41.89530547,-87.72106941
41.75271831,-87.55831582
41.76851012,-87.57161559
41.73013859,-87.60580652
41.89651348,-87.67599343
41.89421351,-87.67642104
41.81055267,-87.6037712
41.85132883,-87.73197545
41.95166914,-87.66027375
41.79055357,-87.67435255
41.75170354,-87.5600358
41.70526475,-87.62036194
41.94722748,-87.70553823
41.86355569,-87.72129165
41.86916165,-87.72843793
41.83116999,-87.62164506
42.00240886,-87.81634839
41.87293304,-87.70156971
41.87508102,-87.74534954
41.77893289,-87.6935327
41.777516,-87.60145475
41.85007132,-87.68543585
41.75124832,-87.59855757
41.78477183,-87.66824446
41.87333203,-87.64723191
41.87877705,-87.72575114
41.93983295,-87.7467472
41.73113402,-87.60007642
41.89370606,-87.77387861
41.75919014,-87.60067708
41.89911845,-87.64199715
41.75234921,-87.6029281
41.97340834,-87.65507669
41.72394384,-87.55096173
41.96047167,-87.65036433
41.83363841,-87.61832257
41.95695047,-87.71315612
42.01666444,-87.67048145
41.75558046,-87.6601861
41.75118495,-87.60455012
41.75067856,-87.60259523
41.89990696,-87.67579333
41.86718521,-87.72572874
41.80113969,-87.66462404
41.87961988,-87.62654603
41.70047869,-87.6186022
41.78233132,-87.71374171
41.96784234,-87.77127051
41.90634194,-87.67574935
41.91561172,-87.727588
41.94189385,-87.7691975
41.70389535,-87.56460055
,
41.93663158,-87.7049512
41.76416801,-87.6598251
41.98032603,-87.88692123
41.89489053,-87.74618529
41.8656185,-87.72164278
41.76921208,-87.61630014
,
41.88196484,-87.6267699
41.91491456,-87.7275652
,
41.8977653,-87.62395846
42.0172743,-87.67920401
41.70331244,-87.65045594
41.77101064,-87.62799619
41.77186972,-87.59099046
41.87217911,-87.74510811
41.90229944,-87.68099966
41.90924411,-87.6784161
41.8171518,-87.69339823
41.72173463,-87.62454993
41.68950038,-87.70333473
41.94717801,-87.65163108
41.88710779,-87.76526908
41.93740172,-87.74570362
41.79961397,-87.61949311
41.76866369,-87.58749367
41.86089561,-87.7190667
41.96532854,-87.65493074
41.80664795,-87.66141604
41.78234328,-87.61582387
41.92518103,-87.67430654
41.88172873,-87.70916528
41.74572283,-87.60180861
41.79830802,-87.70354645
41.7131716,-87.7136775
41.93405953,-87.70884275
41.81395745,-87.72366793
41.75378211,-87.55654389
41.76597727,-87.57495555
41.81515625,-87.70274312
41.79855588,-87.66484894
41.76775396,-87.58770582
41.73537436,-87.58946172
41.89700748,-87.67265323
41.79844956,-87.72316214
41.72203798,-87.61199691
41.88639082,-87.71620407
41.89638318,-87.62991671
,
41.81334446,-87.71119426
41.74646834,-87.59522611
41.75464436,-87.74138513
41.99173073,-87.67860485
41.83080244,-87.61462249
41.96110868,-87.72768673
41.7340456,-87.54453384
41.69249509,-87.62075561
41.92214615,-87.67482648
41.73789005,-87.57922853
41.95470668,-87.64770169
41.92884643,-87.73477952
41.96105186,-87.68124271
41.95928839,-87.70105569
41.77623599,-87.70963929
41.96613003,-87.73070949
41.92228476,-87.76943273
41.81800585,-87.70293161
,
41.87449011,-87.6273112
41.80837097,-87.66511371
41.97889653,-87.90646389
41.85310724,-87.68169062
41.80499605,-87.63340766
41.71594338,-87.64199687
41.79450504,-87.64987752
41.75020735,-87.60748558
41.88376522,-87.62456872
41.76509605,-87.66366053
41.77213007,-87.63469256
41.8093969,-87.68856756
41.91711455,-87.70193144
41.87759246,-87.67704661
41.88235746,-87.62769464
41.69140569,-87.61197312
41.82290558,-87.66574406
41.68398919,-87.72513803
41.76546188,-87.59569024
41.88388262,-87.7651324
41.87171342,-87.69589439
41.75303643,-87.54898134
41.89602652,-87.62413197
41.88373895,-87.75504217
41.83916453,-87.71205983
41.85400761,-87.62696023
41.76720195,-87.68927982
41.85361277,-87.72120292
41.87901649,-87.7227782
41.78300581,-87.71566749
41.77685756,-87.64728962
41.88029006,-87.75299119
41.96105001,-87.71056471
41.76670311,-87.61180838
41.85895357,-87.70703744
41.69251428,-87.62119477
41.93126794,-87.75808229
41.87854278,-87.74506077
41.93126794,-87.75808229
41.95747989,-87.70004782
41.74364951,-87.72695714
41.77865723,-87.77655886
41.9237884,-87.72322976
41.88385969,-87.72684508
41.88082742,-87.70894638
41.95305891,-87.73693159
41.87162626,-87.73794252
41.86939933,-87.66488237
41.9777977,-87.69110466
,
41.87502057,-87.73787797
42.01209357,-87.77711446
41.98303558,-87.77210054
41.94074197,-87.66690913
41.87177525,-87.70412187
41.92644002,-87.65442055
41.73324233,-87.55147905
41.89488983,-87.7460494
41.86249647,-87.71058218
41.82573584,-87.60796493
42.00603499,-87.77497436
41.77564928,-87.66061419
41.85701691,-87.66529398
41.87703599,-87.64940278
41.88217629,-87.62768562
41.78426988,-87.63861239
41.86931184,-87.67062179
41.87269777,-87.72147248
41.81323927,-87.66888911
41.73843275,-87.7202681
41.78764974,-87.64756325
41.85864654,-87.66286159
42.01932627,-87.66621434
41.88889328,-87.65161209
41.81301675,-87.6045906
42.01005093,-87.68732154
41.68411465,-87.66283886
,
41.89820627,-87.69538489
41.93173501,-87.74518967
41.67312485,-87.62596926
41.94406298,-87.73580243
41.87969419,-87.77449658
41.93184227,-87.76762863
41.97467479,-87.65997273
41.89676968,-87.62939824
41.97649056,-87.90151514
41.91322284,-87.77270153
41.74724077,-87.54902624
41.94681747,-87.77434818
41.89213892,-87.75938477
41.80952154,-87.64570507
41.76428185,-87.68827169
41.90807389,-87.71686962
41.88746712,-87.70166891
41.86671009,-87.62596132
,
41.90894836,-87.70957984
41.84286356,-87.63194918
41.90255947,-87.72642203
41.7694111,-87.57257269
41.70401261,-87.64959527
41.7760694,-87.69925836
41.89919684,-87.71850876
,
41.88163429,-87.75073532
41.75714694,-87.64527488
41.78930478,-87.65732524
41.81153222,-87.63329249
41.88428891,-87.74929735
41.88570407,-87.70394114
41.8391788,-87.63885184
41.85475268,-87.68052867
41.89413212,-87.63428276
41.70969126,-87.62612155
41.88920602,-87.72332021
41.77921382,-87.60476813
41.78276739,-87.66900215
41.72076234,-87.64061921
41.87258611,-87.71293692
41.81742454,-87.70202018
41.86383992,-87.69190862
41.73622086,-87.62929661
41.95383375,-87.74778423
41.81422079,-87.7038051
41.94948561,-87.80942408
41.99586524,-87.7004473
41.78158837,-87.71694236
41.89217659,-87.62952213
41.75595727,-87.56495448
41.99866341,-87.67731239
41.91979493,-87.75984984
41.74509158,-87.65735684
41.69721033,-87.61334729
41.85837875,-87.70680445
41.85837875,-87.70680445
41.90976604,-87.74331201
41.88815385,-87.76315544
41.81765339,-87.66533271
41.7664348,-87.57400811
41.88023115,-87.77261912
41.75880018,-87.56287907
41.96599587,-87.83682979
41.87183878,-87.71684708
41.77953096,-87.66647644
41.75729191,-87.63654312
41.88082728,-87.72632293
41.8796866,-87.72287464
41.68810999,-87.62658862
41.89098393,-87.6561734
41.8459975,-87.71864403
41.75167819,-87.5530401
41.88053801,-87.73236998
41.82321274,-87.70211375
41.8306594,-87.62339361
41.80237218,-87.61512367
41.9051704,-87.7461756
41.734661,-87.65558669
41.84937907,-87.71264002
41.81351381,-87.67223909
42.00509484,-87.81865931
41.80873975,-87.66293841
41.74978132,-87.60868506
41.90281278,-87.69717206
41.73579759,-87.65519737
41.91133301,-87.62622199
41.85214302,-87.68539659
41.97629643,-87.65435097
41.70372672,-87.68017997
41.96520583,-87.72045575
41.86395775,-87.71032203
41.77941071,-87.66091218
41.78641273,-87.63401684
41.83887945,-87.62310827
42.00853577,-87.6751799
41.77675483,-87.59188367
41.7425612,-87.55865417
41.73805775,-87.57802112
41.73081244,-87.56719224
41.77740096,-87.69836902
41.78157816,-87.62076012
41.66862801,-87.6333276
41.91999134,-87.73016274
41.66040205,-87.5494002
41.77971732,-87.586592
41.90362824,-87.70874632
41.79230364,-87.67805304
41.93787861,-87.75804862
41.93740552,-87.70646889
41.96708186,-87.66001961
41.86123132,-87.72854572
41.79272864,-87.67319714
41.91108988,-87.7658574
41.90353171,-87.77526589
41.73621239,-87.54595822
41.75869968,-87.70959654
41.8703714,-87.74525686
41.77784515,-87.59286466
41.96907303,-87.73777875
41.87369911,-87.68880658
41.92043035,-87.64844354
41.79252723,-87.67684062
41.6864909,-87.61333502
,
41.78016264,-87.66044236
41.75615155,-87.71186787
41.99652553,-87.65648672
41.9569983,-87.68748997
41.8942095,-87.75420213
41.90312112,-87.62558895
41.88373842,-87.63227349
,
41.78048828,-87.67257475
41.8907274,-87.67625843
41.913654,-87.78989218
41.83723881,-87.71474262
41.99187161,-87.69930238
41.7856788,-87.73855872
41.97813079,-87.71224085
41.87857767,-87.63652332
41.68354411,-87.68197661
41.7856788,-87.73855872
41.93219974,-87.69847879
41.80506311,-87.61933359
41.74737837,-87.64409295
41.74929964,-87.64048474
41.86705596,-87.7184607
41.7899653,-87.64976073
41.83644751,-87.66556665
41.80677751,-87.6099981
41.7590891,-87.5670979
41.7554999,-87.64887316
41.87899707,-87.72428759
41.95511763,-87.74877981
41.92968061,-87.75620764
41.78483001,-87.62073878
41.8586355,-87.7348804
41.95995117,-87.69191261
41.89556665,-87.6283316
,
41.88801251,-87.62266346
41.86742935,-87.63904547
41.74081561,-87.61963538
41.97622884,-87.67334654
42.01094785,-87.67421305
41.96842406,-87.72134787
41.92714834,-87.66806855
41.80790855,-87.74301147
41.83106989,-87.61745952
41.82481044,-87.60874218
41.79296883,-87.73720051
41.89250304,-87.63129618
,
41.97735201,-87.8382384
41.87354615,-87.65695966
41.75025744,-87.66316246
41.9216365,-87.66876884
41.76225958,-87.68199852
41.85194864,-87.61884911
41.75733296,-87.56220759
41.91048673,-87.67784498
,
41.92078324,-87.72112354
41.89163151,-87.62522365
,
41.90474186,-87.64070954
41.89193327,-87.71348429
41.72852052,-87.5947905
41.78521241,-87.65721789
41.90498542,-87.64105222
41.90403968,-87.62948369
41.79288342,-87.61659744
,
41.87446371,-87.64374264
41.90474186,-87.64070954
41.79673789,-87.65387319
41.99367366,-87.68005638
41.87990276,-87.75782716
41.76376019,-87.60902629
41.79623938,-87.6535704
41.91834888,-87.74630466
41.72710081,-87.66267051
41.78102493,-87.60735079
41.92871313,-87.64902378
41.72705139,-87.66266736
41.87367175,-87.63079733
41.93101575,-87.70725176
41.8737376,-87.6307966
41.95308651,-87.76620925
41.70768962,-87.62818703
41.8569482,-87.65776962
41.94606163,-87.65542544
41.77063534,-87.58515402
41.76259361,-87.71974494
41.90899198,-87.66844813
41.75203424,-87.58427064
41.9216365,-87.66876884
41.9810818,-87.806278
41.89324556,-87.63786978
41.90244573,-87.67250901
41.9032385,-87.66722948
41.87781099,-87.62781443
41.73568948,-87.66249323
41.9216365,-87.66876884
41.87289317,-87.70530787
41.77717394,-87.64972427
41.81434865,-87.64066818
41.67100398,-87.64641262
41.75093304,-87.61510001
41.89325168,-87.63752079
41.85376807,-87.71382723
41.89324556,-87.63786978
41.92450299,-87.73438283
41.94849005,-87.64937473
41.90357918,-87.7329915
41.92135667,-87.74364985
41.87516247,-87.7251575
41.75630725,-87.6685934
41.9076263,-87.63171095
41.89638318,-87.62991671
41.93802768,-87.73040813
41.9216365,-87.66876884
41.6967683,-87.707017
41.91585788,-87.6760448
41.90960199,-87.70715245
41.86623524,-87.71078453
,
41.81125635,-87.60568166
41.75332767,-87.65556627
41.77527012,-87.5880587
41.83329658,-87.65331788
41.76805446,-87.68959754
41.92769464,-87.77356337
41.83687378,-87.71473513
41.87358248,-87.70540026
41.96216347,-87.77329119
,
41.73107823,-87.5500362
41.90971724,-87.67621067
41.97622494,-87.6736224
41.71023113,-87.56078943
41.67540749,-87.62186289
41.96915806,-87.65795322
41.94606163,-87.65542544
41.81008744,-87.66486478
41.90974456,-87.63481414
41.92338637,-87.69966854
41.752623,-87.57737396
41.84781676,-87.72479263
,
41.76133537,-87.5907197
41.94173005,-87.72839944
41.98318693,-87.78181285
41.92432931,-87.74645195
41.88086444,-87.72349503
41.76171546,-87.5581086
41.96319516,-87.72681394
41.90994687,-87.67701655
41.74651922,-87.62111496
41.93542748,-87.80236869
41.96476505,-87.66224282
41.88115612,-87.69931847
41.88605837,-87.7014955
41.78226841,-87.59235546
41.7909121,-87.68625195
41.76450611,-87.6102495
41.77945036,-87.61575346
41.78099005,-87.69729601
42.01596795,-87.67534247
41.92817438,-87.77571631
41.93932972,-87.7172082
41.73919587,-87.67516
41.84529913,-87.7052108
41.84521277,-87.72796992
41.93215111,-87.70510543
41.94885759,-87.72027418
41.89014154,-87.6745897