2010-04-01,119390,34.0599187676719,-118.421254315808,1.5
2010-04-01,119492,34.0762121103062,-118.357362761697,3
2010-04-01,217240,34.1373696993178,-118.363950666574,2.5
2010-04-01,217256,34.1392865167915,-118.381127758914,1
2010-04-01,223044,34.0918091047195,-118.326983788584,1
2010-04-01,225809,34.1046359499175,-118.329646249063,4
2010-04-01,226056,34.1703780730546,-118.574065425977,2
2010-04-01,235430,34.1068923628012,-118.337392989032,3.5
2010-04-01,248069,34.0764080953339,-118.35505050285,1
2010-04-01,249696,34.0501281819109,-118.256911944403,3.4166666666667
2010-04-01,276208,34.0441967357044,-118.250566602687,3
2010-04-01,282463,34.0529899669703,-118.278580884615,4
2010-04-01,507339,33.9805880824061,-118.468018020899,4.1428571428571
2010-04-01,549441,34.0673055774087,-118.270008229462,2.5
2010-04-01,559383,34.1018452842808,-118.301450561659,1
2010-04-01,613137,34.0667529717458,-118.235964380948,4.5
2010-04-01,613619,33.9989426693448,-118.418464718127,1
2010-04-01,77260,34.0849806437913,-118.32694419552,1
2010-04-01,77717,34.0616892073485,-118.321422873516,2
2010-04-01,77740,34.0633294109869,-118.293260842154,2.3333333333333
2010-04-01,77753,34.0520896898731,-118.267366193307,2.5
2010-04-01,77809,34.0530223105516,-118.247694779261,1
2010-04-01,77844,34.019241063839,-118.281575924367,2.5
2010-04-01,77870,34.024194899348,-118.278632192384,4
2010-04-01,84286,34.060269,-118.276734,1
2010-04-01,84320,34.0541898501279,-118.272903589036,4
2010-04-01,84434,34.2476821894158,-118.606410517843,5
2010-04-01,84442,34.2576715708079,-118.600502739469,2.5
2010-04-01,84480,34.061157186032,-118.311377249744,3.5
2010-04-01,84499,34.0981964091535,-118.30782151018,2
2010-04-01,84513,34.0758904123293,-118.285150700495,4
2010-04-01,84522,34.0708593597257,-118.465318874922,4.1333333333333
2010-04-01,2515999,33.9467101076849,-118.393414564724,3
2010-04-01,2516000,34.1037331149454,-118.340608864937,4.3846153846154
2010-04-01,2516001,34.0737489773302,-118.361764859423,4
2010-04-01,2516002,34.0549600125653,-118.412264558564,3.875
2010-04-01,2516003,34.0796037088776,-118.376647516836,4.3333333333333
2010-04-01,2516004,34.1370373036864,-118.358402356193,3.8
2010-04-01,2516005,33.9465308016217,-118.390780413441,3.8823529411765
2010-04-01,2516006,34.0647239998319,-118.365332674559,3.3333333333333
2010-04-01,2516007,33.993348,-118.465075,4.625
2010-04-01,2516008,34.0729454115276,-118.469150932836,3.4
2010-04-01,2516010,34.1027851846698,-118.339477242046,4.6
2010-04-01,2516011,34.2056934269506,-118.535964397552,4.2666666666667
2010-04-01,2516012,34.0466494335338,-118.254984249892,4
2010-04-01,2516013,34.1455832297549,-118.369808318319,4.4
2010-04-01,2516014,34.0456305056864,-118.266508596553,4
2010-04-01,2516015,34.1031136707943,-118.340605849236,3.9285714285714
2010-04-01,2516016,34.1060798365435,-118.337563749456,4.1428571428571
2010-04-01,2516017,34.060189,-118.4364,4.3125
2010-04-01,2516018,34.0761214376416,-118.377563920151,3.5714285714286
2010-04-01,2516019,33.7897697863667,-118.306541841933,4
2010-04-01,2516023,34.0526383178714,-118.250379382387,4.4705882352941
2010-04-01,2516025,34.0763351917105,-118.37449702239,4.7142857142857
2010-04-01,2516026,34.0581547089431,-118.478294967448,5
2010-04-01,2516027,34.1042099849581,-118.342404185497,4.3157894736842
2010-04-01,2516028,34.0620536312223,-118.389418612212,5
2010-04-01,2516029,33.9479121993847,-118.385006324034,3.5294117647059
2010-04-01,2516030,34.0674159690018,-118.425788409021,4.5
2010-04-01,2516031,34.0700167007833,-118.351068900114,4
2010-04-01,2516034,34.0441909926075,-118.264145262105,3
2010-04-01,2516035,33.9883975839137,-118.475099377027,3.3333333333333
2010-04-01,2516036,34.1015410011125,-118.325300354623,3.5
2010-04-01,2516037,34.0565935968651,-118.396415376835,4.5
2010-04-01,2516038,34.0609449441061,-118.443011321951,4.6666666666667
2010-04-01,2516039,33.9488560475577,-118.385200864945,4.2
2010-04-01,2516040,34.139424571365,-118.216336041501,3.9615384615385
2010-04-01,2516041,33.9445699372929,-118.374092065061,4.1818181818182
2010-04-01,2516042,34.0581587044518,-118.4154327714,4.2222222222222
2010-04-01,2516043,34.1552853199615,-118.469510903286,5
2010-04-01,2516044,33.9469519276321,-118.386508913305,4.3333333333333
2010-04-01,2516045,33.957494,-118.397884,3.75
2010-04-01,2516046,34.0990034129735,-118.322078302436,1.5
2010-04-01,2516047,33.9968004568877,-118.433881194775,4
2010-04-01,2516048,34.0565439662725,-118.383978256998,4
2010-04-01,2516050,33.9807377426539,-118.464135992249,4.2
2010-04-01,2516051,34.1862531134357,-118.597287284837,5
2010-04-01,2516052,34.072877108348,-118.372749591071,4.5
2010-04-01,2516053,34.0518562083192,-118.417629844858,1
2010-04-01,2516055,34.06328666165,-118.441237282806,4.5
2010-04-01,2516056,34.0568787057148,-118.396403777022,3.25
2010-04-01,2516057,34.0514479917981,-118.242316764882,3.8571428571429
2010-04-01,2516058,34.1014478076548,-118.341753956305,3.5
2010-04-01,2516059,34.0456153928589,-118.264226850275,4
2010-04-01,2516061,34.1000516589118,-118.309628714951,4.0909090909091
2010-04-01,2516062,34.053537209715,-118.255838930678,2.9090909090909
2010-04-01,2516063,33.7193207358595,-118.282878114977,4.6
2010-04-01,2516064,34.0929823089113,-118.291141208673,3.375
2010-04-01,2516065,34.0969322221739,-118.292431696693,3.3333333333333
2010-04-01,2516067,34.1289592976562,-118.348105511798,3
2010-04-01,2516068,34.1711875604693,-118.466256137343,4
2010-04-01,2516069,33.959050023079,-118.384914378314,3.5
2010-04-01,2516070,34.208941941657,-118.388326340558,1
2010-04-01,2516071,34.1456291006491,-118.414844911327,5
2010-04-01,2516072,34.0345764246719,-118.433599410078,4.3333333333333
2010-04-01,2516073,34.1053341260162,-118.322952065388,3.6
2010-04-01,2516074,34.0497915102769,-118.240156280987,3.5714285714286
2010-04-01,2516075,34.2075308449183,-118.485972982648,3.8
2010-04-01,2516076,34.1728089740435,-118.46607742943,2
2010-04-01,2516077,33.9462074491906,-118.381599545052,3.68
2010-04-01,2516078,34.0476232182885,-118.258890521374,3.4285714285714
2010-04-01,2516079,33.9457260021695,-118.371793923976,3.6666666666667
2010-04-01,2516080,34.0497380979174,-118.254463515967,4.25
2010-04-01,2516081,34.0522515587247,-118.417389651062,4.3333333333333
2010-04-01,2516083,34.0983788132955,-118.342266931431,2
2010-04-01,2516085,34.0470485335589,-118.260417380686,2.25
2010-04-01,2516087,33.9462579490741,-118.395099455713,2.6428571428571
2010-04-01,2516088,34.1456090875761,-118.41128883322,4
2010-04-01,2516089,34.2491756725101,-118.60460803607,1
2010-04-01,2516091,33.9456506647775,-118.3881187357,1.9090909090909
2010-04-01,2516092,34.0584339399397,-118.237795569382,3.5
2010-04-01,2516093,34.055103057855,-118.254610762472,2.875
2010-04-01,2516094,34.0978820452757,-118.339146629665,1
2010-04-01,2516095,33.9455012498498,-118.374908476902,3.125
2010-04-01,2516096,34.0983770784162,-118.343208330156,3
2010-04-01,2516100,34.0464771525903,-118.447410876457,4
2010-04-01,2516101,34.0655753108295,-118.299566166192,4
2010-04-01,2516103,34.0500204374361,-118.253953776963,3.4583333333333
2010-04-01,2516104,34.0758020297681,-118.364444473685,2
2010-04-01,2516105,34.0811112615072,-118.27080031698,3.6666666666667
2010-04-01,2516106,33.9939506435302,-118.479671512169,3.4
2010-04-01,2516107,33.7423932906493,-118.292397184055,3.8
2010-04-01,2516109,33.7383008062723,-118.282032598649,3.6666666666667
2010-04-01,2516112,34.101648212205,-118.307422691329,1
2010-04-01,2516113,34.0508744098858,-118.432928103933,1
2010-04-01,2516120,34.0900374908964,-118.16542826943,3
2010-04-01,2516121,34.0991341502846,-118.30894756759,1
2010-04-01,2516122,34.0976430261556,-118.347512608194,3
2010-04-01,2516125,34.1825837379487,-118.385955393601,4
2010-04-01,2516126,34.0766112847234,-118.29177618656,3
2010-04-01,2516127,34.1784677046888,-118.603669202533,4
2010-04-01,2516128,34.1020474087057,-118.311626895269,3.25
2010-04-01,2516129,34.1028051470893,-118.332876985747,2.5
2010-04-01,2516130,33.9462250684001,-118.371188081991,4.125
2010-04-01,2516132,34.0725668655878,-118.250929481276,4
2010-04-01,2516133,34.3024942225292,-118.477728441735,4
2010-04-01,2516135,34.0631617010629,-118.238899383141,1.5
2010-04-01,2516137,34.2074666367529,-118.396606782259,1
2010-04-01,2516139,34.0621297585005,-118.300994558003,3.6
2010-04-01,2516141,34.0984676471971,-118.344173296134,1
2010-04-01,2516142,34.0414249715869,-118.429179861207,3.5
2010-04-01,2516144,34.0982039677033,-118.30471964863,2.5
2010-07-01,119434,34.060815246861,-118.442751998368,2.6666666666667
2010-07-01,119464,34.105161159566,-118.320610341339,3
2010-07-01,119492,34.0762121103062,-118.357362761697,3.5
2010-07-01,1225375,34.0513369460506,-118.277615019217,2
2010-07-01,1591524,34.0515460580879,-118.265064302353,2
2010-07-01,217240,34.1373696993178,-118.363950666574,4
2010-07-01,223044,34.0918091047195,-118.326983788584,3
2010-07-01,225809,34.1046359499175,-118.329646249063,4
2010-07-01,226148,34.201681,-118.446452,3
2010-07-01,235430,34.1068923628012,-118.337392989032,1.75
2010-07-01,240156,34.2224474327847,-118.474796458466,1
2010-07-01,249696,34.0501281819109,-118.256911944403,2.625
2010-07-01,276208,34.0441967357044,-118.250566602687,1
2010-07-01,281769,34.0978856137022,-118.345949520732,3
2010-07-01,507339,33.9805880824061,-118.468018020899,3.8333333333333
2010-07-01,549441,34.0673055774087,-118.270008229462,1
2010-07-01,559383,34.1018452842808,-118.301450561659,1.5
2010-07-01,570050,34.0976696651903,-118.351427233977,1
2010-07-01,570515,34.2299597800096,-118.554101200064,5
2010-07-01,577590,34.1015838952761,-118.318465683948,2.3333333333333
2010-07-01,613137,34.0667529717458,-118.235964380948,3
2010-07-01,77260,34.0849806437913,-118.32694419552,2
2010-07-01,77717,34.0616892073485,-118.321422873516,2
2010-07-01,77753,34.0520896898731,-118.267366193307,1
2010-07-01,77809,34.0530223105516,-118.247694779261,3.5
2010-07-01,77844,34.019241063839,-118.281575924367,2
2010-07-01,77859,34.0447267232984,-118.258457124759,4
2010-07-01,77870,34.024194899348,-118.278632192384,2
2010-07-01,84434,34.2476821894158,-118.606410517843,2.3333333333333
2010-07-01,84480,34.061157186032,-118.311377249744,3
2010-07-01,84499,34.0981964091535,-118.30782151018,5
2010-07-01,84522,34.0708593597257,-118.465318874922,3.9230769230769
2010-07-01,2515999,33.9467101076849,-118.393414564724,2
2010-07-01,2516000,34.1037331149454,-118.340608864937,2.6666666666667
2010-07-01,2516001,34.0737489773302,-118.361764859423,4.5
2010-07-01,2516002,34.0549600125653,-118.412264558564,4.375
2010-07-01,2516003,34.0796037088776,-118.376647516836,3.875
2010-07-01,2516004,34.1370373036864,-118.358402356193,4.1428571428571
2010-07-01,2516005,33.9465308016217,-118.390780413441,4.2258064516129
2010-07-01,2516006,34.0647239998319,-118.365332674559,4
2010-07-01,2516007,33.993348,-118.465075,3.7142857142857
2010-07-01,2516008,34.0729454115276,-118.469150932836,4
2010-07-01,2516010,34.1027851846698,-118.339477242046,3.8636363636364
2010-07-01,2516011,34.2056934269506,-118.535964397552,4.0909090909091
2010-07-01,2516012,34.0466494335338,-118.254984249892,4.25
2010-07-01,2516013,34.1455832297549,-118.369808318319,4
2010-07-01,2516014,34.0456305056864,-118.266508596553,3.875
2010-07-01,2516015,34.1031136707943,-118.340605849236,4.2
2010-07-01,2516016,34.1060798365435,-118.337563749456,4.1153846153846
2010-07-01,2516017,34.060189,-118.4364,4
2010-07-01,2516018,34.0761214376416,-118.377563920151,4.3888888888889
2010-07-01,2516019,33.7897697863667,-118.306541841933,5
2010-07-01,2516020,34.0587374522646,-118.261716249729,4.5
2010-07-01,2516021,34.0456305056864,-118.266508596553,3.2
2010-07-01,2516023,34.0526383178714,-118.250379382387,4.5
2010-07-01,2516025,34.0763351917105,-118.37449702239,4.375
2010-07-01,2516026,34.0581547089431,-118.478294967448,4.6666666666667
2010-07-01,2516027,34.1042099849581,-118.342404185497,4.2307692307692
2010-07-01,2516028,34.0620536312223,-118.389418612212,3
2010-07-01,2516029,33.9479121993847,-118.385006324034,3.304347826087
2010-07-01,2516030,34.0674159690018,-118.425788409021,3.8
2010-07-01,2516031,34.0700167007833,-118.351068900114,5
2010-07-01,2516034,34.0441909926075,-118.264145262105,2.3333333333333
2010-07-01,2516035,33.9883975839137,-118.475099377027,3.6666666666667
2010-07-01,2516036,34.1015410011125,-118.325300354623,3.9302325581395
2010-07-01,2516037,34.0565935968651,-118.396415376835,3.6666666666667
2010-07-01,2516038,34.0609449441061,-118.443011321951,3.5
2010-07-01,2516039,33.9488560475577,-118.385200864945,3.75
2010-07-01,2516040,34.139424571365,-118.216336041501,3.9166666666667
2010-07-01,2516041,33.9445699372929,-118.374092065061,3.5
2010-07-01,2516042,34.0581587044518,-118.4154327714,2.7857142857143
2010-07-01,2516043,34.1552853199615,-118.469510903286,5
2010-07-01,2516044,33.9469519276321,-118.386508913305,4.1818181818182
2010-07-01,2516045,33.957494,-118.397884,3.375
2010-07-01,2516046,34.0990034129735,-118.322078302436,4.4
2010-07-01,2516047,33.9968004568877,-118.433881194775,4.6666666666667
2010-07-01,2516048,34.0565439662725,-118.383978256998,5
2010-07-01,2516050,33.9807377426539,-118.464135992249,4.25
2010-07-01,2516051,34.1862531134357,-118.597287284837,3
2010-07-01,2516052,34.072877108348,-118.372749591071,4
2010-07-01,2516054,34.0861857809122,-118.445272795424,5
2010-07-01,2516055,34.06328666165,-118.441237282806,4.4761904761905
2010-07-01,2516056,34.0568787057148,-118.396403777022,2.7272727272727
2010-07-01,2516057,34.0514479917981,-118.242316764882,3.0909090909091
2010-07-01,2516058,34.1014478076548,-118.341753956305,3.6818181818182
2010-07-01,2516059,34.0456153928589,-118.264226850275,3.5
2010-07-01,2516061,34.1000516589118,-118.309628714951,3.7142857142857
2010-07-01,2516062,34.053537209715,-118.255838930678,2.85
2010-07-01,2516063,33.7193207358595,-118.282878114977,3
2010-07-01,2516064,34.0929823089113,-118.291141208673,3
2010-07-01,2516065,34.0969322221739,-118.292431696693,2.5
2010-07-01,2516066,34.1026452777623,-118.309174899553,2.5
2010-07-01,2516067,34.1289592976562,-118.348105511798,3.6666666666667
2010-07-01,2516068,34.1711875604693,-118.466256137343,4
2010-07-01,2516069,33.959050023079,-118.384914378314,3.8571428571429
2010-07-01,2516070,34.208941941657,-118.388326340558,5
2010-07-01,2516071,34.1456291006491,-118.414844911327,4
2010-07-01,2516072,34.0345764246719,-118.433599410078,4
2010-07-01,2516073,34.1053341260162,-118.322952065388,3.3333333333333
2010-07-01,2516074,34.0497915102769,-118.240156280987,3.75
2010-07-01,2516075,34.2075308449183,-118.485972982648,4.2222222222222
2010-07-01,2516076,34.1728089740435,-118.46607742943,3
2010-07-01,2516077,33.9462074491906,-118.381599545052,3.8
2010-07-01,2516078,34.0476232182885,-118.258890521374,3.75
2010-07-01,2516079,33.9457260021695,-118.371793923976,3.875
2010-07-01,2516080,34.0497380979174,-118.254463515967,3.1666666666667
2010-07-01,2516081,34.0522515587247,-118.417389651062,3.3333333333333
2010-07-01,2516083,34.0983788132955,-118.342266931431,3.5
2010-07-01,2516085,34.0470485335589,-118.260417380686,3
2010-07-01,2516087,33.9462579490741,-118.395099455713,2.9473684210526
2010-07-01,2516088,34.1456090875761,-118.41128883322,2.7692307692308
2010-07-01,2516089,34.2491756725101,-118.60460803607,3
2010-07-01,2516091,33.9456506647775,-118.3881187357,2.8421052631579
2010-07-01,2516092,34.0584339399397,-118.237795569382,4.25
2010-07-01,2516093,34.055103057855,-118.254610762472,2.8333333333333
2010-07-01,2516094,34.0978820452757,-118.339146629665,3.5
2010-07-01,2516095,33.9455012498498,-118.374908476902,2.7
2010-07-01,2516096,34.0983770784162,-118.343208330156,5
2010-07-01,2516097,33.9519882938926,-118.385315623575,3.8333333333333
2010-07-01,2516098,34.1996796136914,-118.588366920761,1
2010-07-01,2516099,34.1072319580067,-118.337555024356,3.8571428571429
2010-07-01,2516100,34.0464771525903,-118.447410876457,1
2010-07-01,2516101,34.0655753108295,-118.299566166192,3.8888888888889
2010-07-01,2516102,34.1677291684269,-118.593088620507,3
2010-07-01,2516103,34.0500204374361,-118.253953776963,3.8333333333333
2010-07-01,2516104,34.0758020297681,-118.364444473685,3.5
2010-07-01,2516105,34.0811112615072,-118.27080031698,4
2010-07-01,2516106,33.9939506435302,-118.479671512169,4.1666666666667
2010-07-01,2516107,33.7423932906493,-118.292397184055,4.6666666666667
2010-07-01,2516109,33.7383008062723,-118.282032598649,3
2010-07-01,2516111,34.1930577686402,-118.571814582411,4.5
2010-07-01,2516112,34.101648212205,-118.307422691329,3
2010-07-01,2516114,34.2566231836638,-118.596455150108,5
2010-07-01,2516115,34.2631962319832,-118.468545591944,3
2010-07-01,2516116,34.0834155931285,-118.312794949569,3
2010-07-01,2516117,34.0471232263844,-118.260730199341,1.6666666666667
2010-07-01,2516119,34.1035638030652,-118.339716138324,5
2010-07-01,2516120,34.0900374908964,-118.16542826943,3
2010-07-01,2516122,34.0976430261556,-118.347512608194,3
2010-07-01,2516126,34.0766112847234,-118.29177618656,3
2010-07-01,2516127,34.1784677046888,-118.603669202533,2.5
2010-07-01,2516128,34.1020474087057,-118.311626895269,4
2010-07-01,2516129,34.1028051470893,-118.332876985747,2.8333333333333
2010-07-01,2516130,33.9462250684001,-118.371188081991,3.7272727272727
2010-07-01,2516132,34.0725668655878,-118.250929481276,4
2010-07-01,2516133,34.3024942225292,-118.477728441735,2
2010-07-01,2516134,34.1706276017003,-118.572092853096,4
2010-07-01,2516135,34.0631617010629,-118.238899383141,3.5
2010-07-01,2516136,34.0334235035792,-118.468256684517,4
2010-07-01,2516137,34.2074666367529,-118.396606782259,3
2010-07-01,2516138,34.2204939444065,-118.472014969332,2.5
2010-07-01,2516139,34.0621297585005,-118.300994558003,2.4285714285714
2010-07-01,2516140,34.0750812125585,-118.265362024942,1
2010-07-01,2516141,34.0984676471971,-118.344173296134,4
2010-07-01,2516142,34.0414249715869,-118.429179861207,4.3333333333333
2010-07-01,2516144,34.0982039677033,-118.30471964863,1
2010-10-01,113229,34.1053328150592,-118.34334126994,2.3333333333333
2010-10-01,1186068,34.0976275926481,-118.339821957445,1
2010-10-01,119390,34.0599187676719,-118.421254315808,1
2010-10-01,119464,34.105161159566,-118.320610341339,3
2010-10-01,119492,34.0762121103062,-118.357362761697,3.5
2010-10-01,1225375,34.0513369460506,-118.277615019217,3
2010-10-01,1591524,34.0515460580879,-118.265064302353,1
2010-10-01,217240,34.1373696993178,-118.363950666574,1
2010-10-01,225809,34.1046359499175,-118.329646249063,3
2010-10-01,235430,34.1068923628012,-118.337392989032,4
2010-10-01,249696,34.0501281819109,-118.256911944403,3.3333333333333
2010-10-01,276208,34.0441967357044,-118.250566602687,1
2010-10-01,282463,34.0529899669703,-118.278580884615,4
2010-10-01,507339,33.9805880824061,-118.468018020899,3.8333333333333
2010-10-01,549441,34.0673055774087,-118.270008229462,1
2010-10-01,559383,34.1018452842808,-118.301450561659,1
2010-10-01,570050,34.0976696651903,-118.351427233977,2
2010-10-01,613137,34.0667529717458,-118.235964380948,4
2010-10-01,613619,33.9989426693448,-118.418464718127,3
2010-10-01,77260,34.0849806437913,-118.32694419552,2.6666666666667
2010-10-01,77717,34.0616892073485,-118.321422873516,4
2010-10-01,77740,34.0633294109869,-118.293260842154,1.6666666666667
2010-10-01,77753,34.0520896898731,-118.267366193307,2.6
2010-10-01,77809,34.0530223105516,-118.247694779261,3
2010-10-01,77844,34.019241063839,-118.281575924367,1
2010-10-01,77870,34.024194899348,-118.278632192384,4
2010-10-01,82498,34.1959500874601,-118.466816753483,1
2010-10-01,84224,33.9798023345216,-118.395222164111,2
2010-10-01,84320,34.0541898501279,-118.272903589036,2.5
2010-10-01,84434,34.2476821894158,-118.606410517843,1.5
2010-10-01,84442,34.2576715708079,-118.600502739469,1
2010-10-01,84480,34.061157186032,-118.311377249744,3.3333333333333
2010-10-01,84513,34.0758904123293,-118.285150700495,4
2010-10-01,84522,34.0708593597257,-118.465318874922,3.8
2010-10-01,2515999,33.9467101076849,-118.393414564724,4.5
2010-10-01,2516000,34.1037331149454,-118.340608864937,4.5714285714286
2010-10-01,2516001,34.0737489773302,-118.361764859423,4.25
2010-10-01,2516002,34.0549600125653,-118.412264558564,4
2010-10-01,2516003,34.0796037088776,-118.376647516836,4
2010-10-01,2516004,34.1370373036864,-118.358402356193,4.225
2010-10-01,2516005,33.9465308016217,-118.390780413441,4
2010-10-01,2516006,34.0647239998319,-118.365332674559,4.25
2010-10-01,2516007,33.993348,-118.465075,4.5714285714286
2010-10-01,2516008,34.0729454115276,-118.469150932836,3.125
2010-10-01,2516010,34.1027851846698,-118.339477242046,4.4242424242424
2010-10-01,2516011,34.2056934269506,-118.535964397552,4.24
2010-10-01,2516012,34.0466494335338,-118.254984249892,4.75
2010-10-01,2516013,34.1455832297549,-118.369808318319,3.7692307692308
2010-10-01,2516014,34.0456305056864,-118.266508596553,3.4666666666667
2010-10-01,2516015,34.1031136707943,-118.340605849236,4
2010-10-01,2516016,34.1060798365435,-118.337563749456,4.5151515151515
2010-10-01,2516017,34.060189,-118.4364,4.4
2010-10-01,2516018,34.0761214376416,-118.377563920151,3.952380952381
2010-10-01,2516019,33.7897697863667,-118.306541841933,4.625
2010-10-01,2516020,34.0587374522646,-118.261716249729,4.2857142857143
2010-10-01,2516021,34.0456305056864,-118.266508596553,3.4545454545455
2010-10-01,2516023,34.0526383178714,-118.250379382387,4.36
2010-10-01,2516024,34.1019761558376,-118.326772815937,5
2010-10-01,2516025,34.0763351917105,-118.37449702239,4.75
2010-10-01,2516026,34.0581547089431,-118.478294967448,4.75
2010-10-01,2516027,34.1042099849581,-118.342404185497,4.53125
2010-10-01,2516028,34.0620536312223,-118.389418612212,5
2010-10-01,2516029,33.9479121993847,-118.385006324034,3.0416666666667
2010-10-01,2516030,34.0674159690018,-118.425788409021,2.3333333333333
2010-10-01,2516031,34.0700167007833,-118.351068900114,4.3333333333333
2010-10-01,2516032,34.0631930747185,-118.441731648025,2
2010-10-01,2516034,34.0441909926075,-118.264145262105,3.6666666666667
2010-10-01,2516035,33.9883975839137,-118.475099377027,3.3333333333333
2010-10-01,2516036,34.1015410011125,-118.325300354623,3.86
2010-10-01,2516037,34.0565935968651,-118.396415376835,4.4166666666667
2010-10-01,2516038,34.0609449441061,-118.443011321951,4
2010-10-01,2516039,33.9488560475577,-118.385200864945,3.4615384615385
2010-10-01,2516040,34.139424571365,-118.216336041501,4
2010-10-01,2516041,33.9445699372929,-118.374092065061,3.92
2010-10-01,2516042,34.0581587044518,-118.4154327714,4
2010-10-01,2516043,34.1552853199615,-118.469510903286,4
2010-10-01,2516044,33.9469519276321,-118.386508913305,3.8823529411765
2010-10-01,2516045,33.957494,-118.397884,4.125
2010-10-01,2516046,34.0990034129735,-118.322078302436,3
2010-10-01,2516048,34.0565439662725,-118.383978256998,4.4
2010-10-01,2516049,34.1055776613332,-118.342126677278,4.1666666666667
2010-10-01,2516050,33.9807377426539,-118.464135992249,3.5
2010-10-01,2516051,34.1862531134357,-118.597287284837,2.8333333333333
2010-10-01,2516052,34.072877108348,-118.372749591071,3.6363636363636
2010-10-01,2516053,34.0518562083192,-118.417629844858,3.5
2010-10-01,2516055,34.06328666165,-118.441237282806,4.2758620689655
2010-10-01,2516056,34.0568787057148,-118.396403777022,2.7142857142857
2010-10-01,2516057,34.0514479917981,-118.242316764882,3.8
2010-10-01,2516058,34.1014478076548,-118.341753956305,3.8571428571429
2010-10-01,2516059,34.0456153928589,-118.264226850275,1
2010-10-01,2516061,34.1000516589118,-118.309628714951,2.8333333333333
2010-10-01,2516062,34.053537209715,-118.255838930678,3.0740740740741
2010-10-01,2516063,33.7193207358595,-118.282878114977,4
2010-10-01,2516064,34.0929823089113,-118.291141208673,3.2727272727273
2010-10-01,2516065,34.0969322221739,-118.292431696693,3.3333333333333
2010-10-01,2516066,34.1026452777623,-118.309174899553,3.75
2010-10-01,2516067,34.1289592976562,-118.348105511798,3.5
2010-10-01,2516068,34.1711875604693,-118.466256137343,3.5714285714286
2010-10-01,2516069,33.959050023079,-118.384914378314,4
2010-10-01,2516070,34.208941941657,-118.388326340558,3.3333333333333
2010-10-01,2516071,34.1456291006491,-118.414844911327,2.5
2010-10-01,2516072,34.0345764246719,-118.433599410078,4
2010-10-01,2516073,34.1053341260162,-118.322952065388,5
2010-10-01,2516074,34.0497915102769,-118.240156280987,2.6
2010-10-01,2516075,34.2075308449183,-118.485972982648,4.7777777777778
2010-10-01,2516076,34.1728089740435,-118.46607742943,4.1666666666667
2010-10-01,2516077,33.9462074491906,-118.381599545052,3.625
2010-10-01,2516078,34.0476232182885,-118.258890521374,2.9166666666667
2010-10-01,2516079,33.9457260021695,-118.371793923976,4
2010-10-01,2516080,34.0497380979174,-118.254463515967,3.6666666666667
2010-10-01,2516081,34.0522515587247,-118.417389651062,5
2010-10-01,2516082,34.1678047738557,-118.603204909749,3
2010-10-01,2516083,34.0983788132955,-118.342266931431,4.5
2010-10-01,2516085,34.0470485335589,-118.260417380686,2
2010-10-01,2516087,33.9462579490741,-118.395099455713,2.6111111111111
2010-10-01,2516088,34.1456090875761,-118.41128883322,3.8181818181818
2010-10-01,2516089,34.2491756725101,-118.60460803607,3
2010-10-01,2516091,33.9456506647775,-118.3881187357,3.8235294117647
2010-10-01,2516092,34.0584339399397,-118.237795569382,3.5
2010-10-01,2516093,34.055103057855,-118.254610762472,3.4
2010-10-01,2516095,33.9455012498498,-118.374908476902,2.9230769230769
2010-10-01,2516096,34.0983770784162,-118.343208330156,3.5
2010-10-01,2516097,33.9519882938926,-118.385315623575,2.75
2010-10-01,2516098,34.1996796136914,-118.588366920761,4
2010-10-01,2516099,34.1072319580067,-118.337555024356,3.75
2010-10-01,2516100,34.0464771525903,-118.447410876457,3.5
2010-10-01,2516101,34.0655753108295,-118.299566166192,3
2010-10-01,2516103,34.0500204374361,-118.253953776963,3.9230769230769
2010-10-01,2516105,34.0811112615072,-118.27080031698,3
2010-10-01,2516106,33.9939506435302,-118.479671512169,3.6666666666667
2010-10-01,2516107,33.7423932906493,-118.292397184055,4.1428571428571
2010-10-01,2516108,34.0105420654367,-118.122350726838,3
2010-10-01,2516109,33.7383008062723,-118.282032598649,5
2010-10-01,2516112,34.101648212205,-118.307422691329,4
2010-10-01,2516113,34.0508744098858,-118.432928103933,3
2010-10-01,2516114,34.2566231836638,-118.596455150108,3
2010-10-01,2516116,34.0834155931285,-118.312794949569,4.4285714285714
2010-10-01,2516117,34.0471232263844,-118.260730199341,2
2010-10-01,2516118,34.0762104776531,-118.357779088228,2
2010-10-01,2516119,34.1035638030652,-118.339716138324,5
2010-10-01,2516121,34.0991341502846,-118.30894756759,3.3333333333333
2010-10-01,2516122,34.0976430261556,-118.347512608194,2.8
2010-10-01,2516124,33.7903488298334,-118.283123738195,4
2010-10-01,2516125,34.1825837379487,-118.385955393601,3.5
2010-10-01,2516126,34.0766112847234,-118.29177618656,4
2010-10-01,2516127,34.1784677046888,-118.603669202533,3
2010-10-01,2516128,34.1020474087057,-118.311626895269,2
2010-10-01,2516129,34.1028051470893,-118.332876985747,3.25
2010-10-01,2516130,33.9462250684001,-118.371188081991,3.5714285714286
2010-10-01,2516132,34.0725668655878,-118.250929481276,4
2010-10-01,2516133,34.3024942225292,-118.477728441735,3.5
2010-10-01,2516134,34.1706276017003,-118.572092853096,4
2010-10-01,2516135,34.0631617010629,-118.238899383141,4
2010-10-01,2516136,34.0334235035792,-118.468256684517,4
2010-10-01,2516137,34.2074666367529,-118.396606782259,4
2010-10-01,2516139,34.0621297585005,-118.300994558003,2.8235294117647
2010-10-01,2516140,34.0750812125585,-118.265362024942,5
2010-10-01,2516141,34.0984676471971,-118.344173296134,4
2010-10-01,2516142,34.0414249715869,-118.429179861207,2.3333333333333
2011-01-01,1225375,34.0513369460506,-118.277615019217,2.5
2011-01-01,217240,34.1373696993178,-118.363950666574,4
2011-01-01,217256,34.1392865167915,-118.381127758914,3
2011-01-01,225809,34.1046359499175,-118.329646249063,1.6666666666667
2011-01-01,235430,34.1068923628012,-118.337392989032,2.5
2011-01-01,249696,34.0501281819109,-118.256911944403,3.25
2011-01-01,276208,34.0441967357044,-118.250566602687,2.5
2011-01-01,507339,33.9805880824061,-118.468018020899,5
2011-01-01,549441,34.0673055774087,-118.270008229462,4
2011-01-01,559383,34.1018452842808,-118.301450561659,1.6666666666667
2011-01-01,613137,34.0667529717458,-118.235964380948,3
2011-01-01,634746,34.32286360408,-118.460968652514,2
2011-01-01,76446,34.0600082378643,-118.43889472941,1
2011-01-01,77740,34.0633294109869,-118.293260842154,1
2011-01-01,77753,34.0520896898731,-118.267366193307,2.4
2011-01-01,77809,34.0530223105516,-118.247694779261,1
2011-01-01,77844,34.019241063839,-118.281575924367,2.25
2011-01-01,81285,33.7393983181781,-118.280287290345,2.6666666666667
2011-01-01,82498,34.1959500874601,-118.466816753483,1
2011-01-01,84224,33.9798023345216,-118.395222164111,4
2011-01-01,84320,34.0541898501279,-118.272903589036,1
2011-01-01,84365,33.9981162080665,-118.420886588519,4
2011-01-01,84480,34.061157186032,-118.311377249744,4
2011-01-01,84522,34.0708593597257,-118.465318874922,4.3333333333333
2011-01-01,2515999,33.9467101076849,-118.393414564724,4
2011-01-01,2516000,34.1037331149454,-118.340608864937,4.0909090909091
2011-01-01,2516001,34.0737489773302,-118.361764859423,4
2011-01-01,2516002,34.0549600125653,-118.412264558564,4
2011-01-01,2516003,34.0796037088776,-118.376647516836,4.4166666666667
2011-01-01,2516004,34.1370373036864,-118.358402356193,3.7916666666667
2011-01-01,2516005,33.9465308016217,-118.390780413441,4.2325581395349
2011-01-01,2516006,34.0647239998319,-118.365332674559,4.5333333333333
2011-01-01,2516007,33.993348,-118.465075,3.9473684210526
2011-01-01,2516008,34.0729454115276,-118.469150932836,3.4
2011-01-01,2516010,34.1027851846698,-118.339477242046,4.2307692307692
2011-01-01,2516011,34.2056934269506,-118.535964397552,4.25
2011-01-01,2516012,34.0466494335338,-118.254984249892,5
2011-01-01,2516013,34.1455832297549,-118.369808318319,4
2011-01-01,2516014,34.0456305056864,-118.266508596553,4.5882352941176
2011-01-01,2516015,34.1031136707943,-118.340605849236,4.2777777777778
2011-01-01,2516016,34.1060798365435,-118.337563749456,4.3333333333333
2011-01-01,2516017,34.060189,-118.4364,4.5714285714286
2011-01-01,2516018,34.0761214376416,-118.377563920151,4.0625
2011-01-01,2516019,33.7897697863667,-118.306541841933,4.5714285714286
2011-01-01,2516020,34.0587374522646,-118.261716249729,4.75
2011-01-01,2516021,34.0456305056864,-118.266508596553,4.3333333333333
2011-01-01,2516023,34.0526383178714,-118.250379382387,4.0952380952381
2011-01-01,2516024,34.1019761558376,-118.326772815937,4.6
2011-01-01,2516025,34.0763351917105,-118.37449702239,4.4210526315789
2011-01-01,2516026,34.0581547089431,-118.478294967448,4.5
2011-01-01,2516027,34.1042099849581,-118.342404185497,4.7307692307692
2011-01-01,2516028,34.0620536312223,-118.389418612212,4.8
2011-01-01,2516029,33.9479121993847,-118.385006324034,3.6206896551724
2011-01-01,2516030,34.0674159690018,-118.425788409021,4
2011-01-01,2516031,34.0700167007833,-118.351068900114,5
2011-01-01,2516032,34.0631930747185,-118.441731648025,4
2011-01-01,2516034,34.0441909926075,-118.264145262105,2.75
2011-01-01,2516035,33.9883975839137,-118.475099377027,4.5
2011-01-01,2516036,34.1015410011125,-118.325300354623,4.1428571428571
2011-01-01,2516037,34.0565935968651,-118.396415376835,2.5
2011-01-01,2516038,34.0609449441061,-118.443011321951,4.5
2011-01-01,2516039,33.9488560475577,-118.385200864945,4.3333333333333
2011-01-01,2516040,34.139424571365,-118.216336041501,3.9473684210526
2011-01-01,2516041,33.9445699372929,-118.374092065061,3.9642857142857
2011-01-01,2516042,34.0581587044518,-118.4154327714,3.8666666666667
2011-01-01,2516044,33.9469519276321,-118.386508913305,4.2666666666667
2011-01-01,2516045,33.957494,-118.397884,3.9411764705882
2011-01-01,2516046,34.0990034129735,-118.322078302436,5
2011-01-01,2516047,33.9968004568877,-118.433881194775,4.5
2011-01-01,2516048,34.0565439662725,-118.383978256998,3.6666666666667
2011-01-01,2516049,34.1055776613332,-118.342126677278,5
2011-01-01,2516050,33.9807377426539,-118.464135992249,4.3
2011-01-01,2516051,34.1862531134357,-118.597287284837,4.2666666666667
2011-01-01,2516052,34.072877108348,-118.372749591071,3.5
2011-01-01,2516053,34.0518562083192,-118.417629844858,5
2011-01-01,2516054,34.0861857809122,-118.445272795424,5
2011-01-01,2516055,34.06328666165,-118.441237282806,4.3846153846154
2011-01-01,2516056,34.0568787057148,-118.396403777022,4.0625
2011-01-01,2516057,34.0514479917981,-118.242316764882,3.5
2011-01-01,2516058,34.1014478076548,-118.341753956305,3.7142857142857
2011-01-01,2516059,34.0456153928589,-118.264226850275,2.5
2011-01-01,2516060,33.9593045631458,-118.418984895065,2.25
2011-01-01,2516061,34.1000516589118,-118.309628714951,4
2011-01-01,2516062,34.053537209715,-118.255838930678,2.95
2011-01-01,2516064,34.0929823089113,-118.291141208673,3.125
2011-01-01,2516065,34.0969322221739,-118.292431696693,3.4
2011-01-01,2516066,34.1026452777623,-118.309174899553,3
2011-01-01,2516067,34.1289592976562,-118.348105511798,4.3333333333333
2011-01-01,2516068,34.1711875604693,-118.466256137343,4.2
2011-01-01,2516069,33.959050023079,-118.384914378314,3.4285714285714
2011-01-01,2516070,34.208941941657,-118.388326340558,4
2011-01-01,2516071,34.1456291006491,-118.414844911327,5
2011-01-01,2516072,34.0345764246719,-118.433599410078,4
2011-01-01,2516073,34.1053341260162,-118.322952065388,4
2011-01-01,2516074,34.0497915102769,-118.240156280987,3.75
2011-01-01,2516075,34.2075308449183,-118.485972982648,3.9230769230769
2011-01-01,2516076,34.1728089740435,-118.46607742943,4
2011-01-01,2516077,33.9462074491906,-118.381599545052,3
2011-01-01,2516078,34.0476232182885,-118.258890521374,3.8181818181818
2011-01-01,2516079,33.9457260021695,-118.371793923976,3.4285714285714
2011-01-01,2516080,34.0497380979174,-118.254463515967,4.5
2011-01-01,2516081,34.0522515587247,-118.417389651062,4.5
2011-01-01,2516082,34.1678047738557,-118.603204909749,4.5
2011-01-01,2516083,34.0983788132955,-118.342266931431,3.8333333333333
2011-01-01,2516085,34.0470485335589,-118.260417380686,3.6
2011-01-01,2516086,34.2791681541404,-118.470581528683,5
2011-01-01,2516087,33.9462579490741,-118.395099455713,3
2011-01-01,2516088,34.1456090875761,-118.41128883322,3.875
2011-01-01,2516089,34.2491756725101,-118.60460803607,3
2011-01-01,2516091,33.9456506647775,-118.3881187357,3
2011-01-01,2516092,34.0584339399397,-118.237795569382,3
2011-01-01,2516093,34.055103057855,-118.254610762472,3.3333333333333
2011-01-01,2516094,34.0978820452757,-118.339146629665,4
2011-01-01,2516095,33.9455012498498,-118.374908476902,2.875
2011-01-01,2516096,34.0983770784162,-118.343208330156,2.8333333333333
2011-01-01,2516097,33.9519882938926,-118.385315623575,3.4
2011-01-01,2516098,34.1996796136914,-118.588366920761,5
2011-01-01,2516099,34.1072319580067,-118.337555024356,3.25
2011-01-01,2516101,34.0655753108295,-118.299566166192,4.4285714285714
2011-01-01,2516102,34.1677291684269,-118.593088620507,4
2011-01-01,2516103,34.0500204374361,-118.253953776963,3.7391304347826
2011-01-01,2516105,34.0811112615072,-118.27080031698,3.5
2011-01-01,2516106,33.9939506435302,-118.479671512169,4.2
2011-01-01,2516107,33.7423932906493,-118.292397184055,4.4
2011-01-01,2516108,34.0105420654367,-118.122350726838,3.5
2011-01-01,2516109,33.7383008062723,-118.282032598649,3
2011-01-01,2516110,34.1720952296886,-118.550893936401,4
2011-01-01,2516112,34.101648212205,-118.307422691329,3.2
2011-01-01,2516114,34.2566231836638,-118.596455150108,1
2011-01-01,2516115,34.2631962319832,-118.468545591944,4
2011-01-01,2516116,34.0834155931285,-118.312794949569,3.5
2011-01-01,2516117,34.0471232263844,-118.260730199341,3.6
2011-01-01,2516118,34.0762104776531,-118.357779088228,5
2011-01-01,2516119,34.1035638030652,-118.339716138324,3.5
2011-01-01,2516122,34.0976430261556,-118.347512608194,2.7142857142857
2011-01-01,2516123,34.1572390700389,-118.407255635623,1
2011-01-01,2516126,34.0766112847234,-118.29177618656,4
2011-01-01,2516127,34.1784677046888,-118.603669202533,3.8
2011-01-01,2516128,34.1020474087057,-118.311626895269,2
2011-01-01,2516129,34.1028051470893,-118.332876985747,3.6666666666667
2011-01-01,2516130,33.9462250684001,-118.371188081991,3.4
2011-01-01,2516131,34.0984606945895,-118.312407132417,3
2011-01-01,2516132,34.0725668655878,-118.250929481276,4.6666666666667
2011-01-01,2516133,34.3024942225292,-118.477728441735,5
2011-01-01,2516134,34.1706276017003,-118.572092853096,3
2011-01-01,2516137,34.2074666367529,-118.396606782259,1
2011-01-01,2516138,34.2204939444065,-118.472014969332,1
2011-01-01,2516139,34.0621297585005,-118.300994558003,2.7142857142857
2011-01-01,2516141,34.0984676471971,-118.344173296134,4
2011-01-01,2516142,34.0414249715869,-118.429179861207,2.6666666666667
2011-01-01,2516144,34.0982039677033,-118.30471964863,3
2011-04-01,113229,34.1053328150592,-118.34334126994,4
2011-04-01,119464,34.105161159566,-118.320610341339,4
2011-04-01,119492,34.0762121103062,-118.357362761697,1.6666666666667
2011-04-01,1225375,34.0513369460506,-118.277615019217,3
2011-04-01,1591524,34.0515460580879,-118.265064302353,3
2011-04-01,223044,34.0918091047195,-118.326983788584,2
2011-04-01,225809,34.1046359499175,-118.329646249063,4
2011-04-01,226148,34.201681,-118.446452,4
2011-04-01,235430,34.1068923628012,-118.337392989032,1.25
2011-04-01,249696,34.0501281819109,-118.256911944403,3.7777777777778
2011-04-01,276208,34.0441967357044,-118.250566602687,2
2011-04-01,281769,34.0978856137022,-118.345949520732,1
2011-04-01,282463,34.0529899669703,-118.278580884615,3
2011-04-01,507339,33.9805880824061,-118.468018020899,4.6666666666667
2011-04-01,549441,34.0673055774087,-118.270008229462,3
2011-04-01,559383,34.1018452842808,-118.301450561659,1
2011-04-01,570050,34.0976696651903,-118.351427233977,3
2011-04-01,613137,34.0667529717458,-118.235964380948,3
2011-04-01,613619,33.9989426693448,-118.418464718127,3
2011-04-01,77717,34.0616892073485,-118.321422873516,1
2011-04-01,77740,34.0633294109869,-118.293260842154,1
2011-04-01,77753,34.0520896898731,-118.267366193307,3
2011-04-01,77809,34.0530223105516,-118.247694779261,1
2011-04-01,81285,33.7393983181781,-118.280287290345,1
2011-04-01,84320,34.0541898501279,-118.272903589036,1
2011-04-01,84434,34.2476821894158,-118.606410517843,2
2011-04-01,84442,34.2576715708079,-118.600502739469,2
2011-04-01,84522,34.0708593597257,-118.465318874922,4.4
2011-04-01,2515999,33.9467101076849,-118.393414564724,3
2011-04-01,2516000,34.1037331149454,-118.340608864937,3.8888888888889
2011-04-01,2516001,34.0737489773302,-118.361764859423,4.1052631578947
2011-04-01,2516002,34.0549600125653,-118.412264558564,4.5454545454545
2011-04-01,2516003,34.0796037088776,-118.376647516836,3.8571428571429
2011-04-01,2516004,34.1370373036864,-118.358402356193,4.0714285714286
2011-04-01,2516005,33.9465308016217,-118.390780413441,4.3157894736842
2011-04-01,2516006,34.0647239998319,-118.365332674559,4.65
2011-04-01,2516007,33.993348,-118.465075,4.0588235294118
2011-04-01,2516008,34.0729454115276,-118.469150932836,3.3333333333333
2011-04-01,2516010,34.1027851846698,-118.339477242046,4.375
2011-04-01,2516011,34.2056934269506,-118.535964397552,4.6666666666667
2011-04-01,2516012,34.0466494335338,-118.254984249892,4.6
2011-04-01,2516013,34.1455832297549,-118.369808318319,4.05
2011-04-01,2516014,34.0456305056864,-118.266508596553,4.2352941176471
2011-04-01,2516015,34.1031136707943,-118.340605849236,4.125
2011-04-01,2516016,34.1060798365435,-118.337563749456,4.6296296296296
2011-04-01,2516017,34.060189,-118.4364,4.4545454545455
2011-04-01,2516018,34.0761214376416,-118.377563920151,3.7647058823529
2011-04-01,2516019,33.7897697863667,-118.306541841933,4.5
2011-04-01,2516020,34.0587374522646,-118.261716249729,4.0909090909091
2011-04-01,2516021,34.0456305056864,-118.266508596553,5
2011-04-01,2516023,34.0526383178714,-118.250379382387,4
2011-04-01,2516024,34.1019761558376,-118.326772815937,4
2011-04-01,2516025,34.0763351917105,-118.37449702239,4.55
2011-04-01,2516026,34.0581547089431,-118.478294967448,3.4
2011-04-01,2516027,34.1042099849581,-118.342404185497,4.56
2011-04-01,2516028,34.0620536312223,-118.389418612212,5
2011-04-01,2516029,33.9479121993847,-118.385006324034,3.8157894736842
2011-04-01,2516031,34.0700167007833,-118.351068900114,3.8
2011-04-01,2516032,34.0631930747185,-118.441731648025,4
2011-04-01,2516033,34.140376,-118.354334,2.6923076923077
2011-04-01,2516034,34.0441909926075,-118.264145262105,3
2011-04-01,2516035,33.9883975839137,-118.475099377027,3.75
2011-04-01,2516036,34.1015410011125,-118.325300354623,3.9166666666667
2011-04-01,2516037,34.0565935968651,-118.396415376835,4
2011-04-01,2516039,33.9488560475577,-118.385200864945,4
2011-04-01,2516040,34.139424571365,-118.216336041501,4.0714285714286
2011-04-01,2516041,33.9445699372929,-118.374092065061,4.46875
2011-04-01,2516042,34.0581587044518,-118.4154327714,3.5333333333333
2011-04-01,2516043,34.1552853199615,-118.469510903286,4.5
2011-04-01,2516044,33.9469519276321,-118.386508913305,3.8333333333333
2011-04-01,2516045,33.957494,-118.397884,3.75
2011-04-01,2516046,34.0990034129735,-118.322078302436,3
2011-04-01,2516047,33.9968004568877,-118.433881194775,3.3333333333333
2011-04-01,2516048,34.0565439662725,-118.383978256998,3.8
2011-04-01,2516049,34.1055776613332,-118.342126677278,3.6666666666667
2011-04-01,2516050,33.9807377426539,-118.464135992249,3.3333333333333
2011-04-01,2516051,34.1862531134357,-118.597287284837,4.3
2011-04-01,2516052,34.072877108348,-118.372749591071,3.4
2011-04-01,2516053,34.0518562083192,-118.417629844858,3.5
2011-04-01,2516055,34.06328666165,-118.441237282806,4
2011-04-01,2516056,34.0568787057148,-118.396403777022,3.7391304347826
2011-04-01,2516057,34.0514479917981,-118.242316764882,3.3181818181818
2011-04-01,2516058,34.1014478076548,-118.341753956305,3.6111111111111
2011-04-01,2516059,34.0456153928589,-118.264226850275,4.1428571428571
2011-04-01,2516060,33.9593045631458,-118.418984895065,3.695652173913
2011-04-01,2516061,34.1000516589118,-118.309628714951,3.6666666666667
2011-04-01,2516062,34.053537209715,-118.255838930678,3.4545454545455
2011-04-01,2516063,33.7193207358595,-118.282878114977,3.25
2011-04-01,2516064,34.0929823089113,-118.291141208673,3.7
2011-04-01,2516065,34.0969322221739,-118.292431696693,3.8
2011-04-01,2516066,34.1026452777623,-118.309174899553,1
2011-04-01,2516068,34.1711875604693,-118.466256137343,4.3333333333333
2011-04-01,2516069,33.959050023079,-118.384914378314,3.8571428571429
2011-04-01,2516070,34.208941941657,-118.388326340558,5
2011-04-01,2516071,34.1456291006491,-118.414844911327,4
2011-04-01,2516072,34.0345764246719,-118.433599410078,4
2011-04-01,2516073,34.1053341260162,-118.322952065388,3.3333333333333
2011-04-01,2516074,34.0497915102769,-118.240156280987,4.3333333333333
2011-04-01,2516075,34.2075308449183,-118.485972982648,4
2011-04-01,2516077,33.9462074491906,-118.381599545052,3.3333333333333
2011-04-01,2516078,34.0476232182885,-118.258890521374,3
2011-04-01,2516079,33.9457260021695,-118.371793923976,3.6153846153846
2011-04-01,2516080,34.0497380979174,-118.254463515967,4
2011-04-01,2516081,34.0522515587247,-118.417389651062,4.5789473684211
2011-04-01,2516083,34.0983788132955,-118.342266931431,4
2011-04-01,2516085,34.0470485335589,-118.260417380686,3.5
2011-04-01,2516086,34.2791681541404,-118.470581528683,5
2011-04-01,2516087,33.9462579490741,-118.395099455713,2.8461538461538
2011-04-01,2516088,34.1456090875761,-118.41128883322,3.7
2011-04-01,2516089,34.2491756725101,-118.60460803607,3
2011-04-01,2516091,33.9456506647775,-118.3881187357,2.7272727272727
2011-04-01,2516092,34.0584339399397,-118.237795569382,2.5
2011-04-01,2516093,34.055103057855,-118.254610762472,3
2011-04-01,2516094,34.0978820452757,-118.339146629665,5
2011-04-01,2516095,33.9455012498498,-118.374908476902,3.25
2011-04-01,2516096,34.0983770784162,-118.343208330156,2.6
2011-04-01,2516097,33.9519882938926,-118.385315623575,4.25
2011-04-01,2516098,34.1996796136914,-118.588366920761,3.3333333333333
2011-04-01,2516099,34.1072319580067,-118.337555024356,3.4
2011-04-01,2516100,34.0464771525903,-118.447410876457,2
2011-04-01,2516101,34.0655753108295,-118.299566166192,3.8333333333333
2011-04-01,2516102,34.1677291684269,-118.593088620507,4.5
2011-04-01,2516103,34.0500204374361,-118.253953776963,3.3529411764706
2011-04-01,2516104,34.0758020297681,-118.364444473685,3
2011-04-01,2516105,34.0811112615072,-118.27080031698,4.5
2011-04-01,2516106,33.9939506435302,-118.479671512169,3.9090909090909
2011-04-01,2516107,33.7423932906493,-118.292397184055,3.3333333333333
2011-04-01,2516108,34.0105420654367,-118.122350726838,4
2011-04-01,2516109,33.7383008062723,-118.282032598649,2.2
2011-04-01,2516112,34.101648212205,-118.307422691329,2
2011-04-01,2516115,34.2631962319832,-118.468545591944,4
2011-04-01,2516116,34.0834155931285,-118.312794949569,3.1111111111111
2011-04-01,2516117,34.0471232263844,-118.260730199341,4.2
2011-04-01,2516118,34.0762104776531,-118.357779088228,2.6
2011-04-01,2516119,34.1035638030652,-118.339716138324,3
2011-04-01,2516121,34.0991341502846,-118.30894756759,5
2011-04-01,2516122,34.0976430261556,-118.347512608194,2
2011-04-01,2516126,34.0766112847234,-118.29177618656,4.6666666666667
2011-04-01,2516127,34.1784677046888,-118.603669202533,4
2011-04-01,2516128,34.1020474087057,-118.311626895269,2
2011-04-01,2516129,34.1028051470893,-118.332876985747,2.8333333333333
2011-04-01,2516130,33.9462250684001,-118.371188081991,2.875
2011-04-01,2516131,34.0984606945895,-118.312407132417,1
2011-04-01,2516132,34.0725668655878,-118.250929481276,5
2011-04-01,2516133,34.3024942225292,-118.477728441735,1
2011-04-01,2516135,34.0631617010629,-118.238899383141,3.6666666666667
2011-04-01,2516138,34.2204939444065,-118.472014969332,5
2011-04-01,2516139,34.0621297585005,-118.300994558003,2.7272727272727
2011-04-01,2516141,34.0984676471971,-118.344173296134,4
2011-04-01,2516142,34.0414249715869,-118.429179861207,3
2011-04-01,2516143,34.3016863407998,-118.476851163699,4
2011-04-01,1528623,34.0456694048666,-118.466127965088,3.5
2011-07-01,113229,34.1053328150592,-118.34334126994,3
2011-07-01,1186068,34.0976275926481,-118.339821957445,3
2011-07-01,119390,34.0599187676719,-118.421254315808,4
2011-07-01,1225375,34.0513369460506,-118.277615019217,3
2011-07-01,217240,34.1373696993178,-118.363950666574,1
2011-07-01,217256,34.1392865167915,-118.381127758914,3
2011-07-01,223044,34.0918091047195,-118.326983788584,2
2011-07-01,225809,34.1046359499175,-118.329646249063,4.5
2011-07-01,226148,34.201681,-118.446452,2.5
2011-07-01,235430,34.1068923628012,-118.337392989032,2.6666666666667
2011-07-01,249696,34.0501281819109,-118.256911944403,3.2631578947368
2011-07-01,276208,34.0441967357044,-118.250566602687,3.5
2011-07-01,282463,34.0529899669703,-118.278580884615,3.5
2011-07-01,507339,33.9805880824061,-118.468018020899,4.4545454545455
2011-07-01,549441,34.0673055774087,-118.270008229462,1.75
2011-07-01,577590,34.1015838952761,-118.318465683948,4
2011-07-01,589309,34.0663045270039,-118.253917432249,1
2011-07-01,613137,34.0667529717458,-118.235964380948,1
2011-07-01,77717,34.0616892073485,-118.321422873516,3
2011-07-01,77740,34.0633294109869,-118.293260842154,3
2011-07-01,77753,34.0520896898731,-118.267366193307,2
2011-07-01,77809,34.0530223105516,-118.247694779261,2
2011-07-01,77844,34.019241063839,-118.281575924367,3
2011-07-01,77859,34.0447267232984,-118.258457124759,3
2011-07-01,77870,34.024194899348,-118.278632192384,1
2011-07-01,84224,33.9798023345216,-118.395222164111,4
2011-07-01,84320,34.0541898501279,-118.272903589036,3
2011-07-01,84480,34.061157186032,-118.311377249744,3
2011-07-01,84513,34.0758904123293,-118.285150700495,4
2011-07-01,84522,34.0708593597257,-118.465318874922,4
2011-07-01,2515999,33.9467101076849,-118.393414564724,4.25
2011-07-01,2516000,34.1037331149454,-118.340608864937,4.1176470588235
2011-07-01,2516001,34.0737489773302,-118.361764859423,3.7857142857143
2011-07-01,2516002,34.0549600125653,-118.412264558564,4.4285714285714
2011-07-01,2516003,34.0796037088776,-118.376647516836,4.3181818181818
2011-07-01,2516004,34.1370373036864,-118.358402356193,3.4705882352941
2011-07-01,2516005,33.9465308016217,-118.390780413441,4.2898550724638
2011-07-01,2516006,34.0647239998319,-118.365332674559,4.45
2011-07-01,2516007,33.993348,-118.465075,4.35
2011-07-01,2516008,34.0729454115276,-118.469150932836,4.5
2011-07-01,2516010,34.1027851846698,-118.339477242046,4.4074074074074
2011-07-01,2516011,34.2056934269506,-118.535964397552,4.2307692307692
2011-07-01,2516012,34.0466494335338,-118.254984249892,4.1111111111111
2011-07-01,2516013,34.1455832297549,-118.369808318319,4.2857142857143
2011-07-01,2516014,34.0456305056864,-118.266508596553,4.1111111111111
2011-07-01,2516015,34.1031136707943,-118.340605849236,3.9090909090909
2011-07-01,2516016,34.1060798365435,-118.337563749456,4.4375
2011-07-01,2516017,34.060189,-118.4364,4.1363636363636
2011-07-01,2516018,34.0761214376416,-118.377563920151,4.5161290322581
2011-07-01,2516019,33.7897697863667,-118.306541841933,4.375
2011-07-01,2516020,34.0587374522646,-118.261716249729,4.3333333333333
2011-07-01,2516021,34.0456305056864,-118.266508596553,5
2011-07-01,2516022,34.0555963527732,-118.39874520186,3.6
2011-07-01,2516023,34.0526383178714,-118.250379382387,4.7083333333333
2011-07-01,2516024,34.1019761558376,-118.326772815937,4.1428571428571
2011-07-01,2516025,34.0763351917105,-118.37449702239,4.4347826086957
2011-07-01,2516026,34.0581547089431,-118.478294967448,4.8181818181818
2011-07-01,2516027,34.1042099849581,-118.342404185497,4.46875
2011-07-01,2516028,34.0620536312223,-118.389418612212,4.8333333333333
2011-07-01,2516029,33.9479121993847,-118.385006324034,3.7142857142857
2011-07-01,2516030,34.0674159690018,-118.425788409021,3
2011-07-01,2516031,34.0700167007833,-118.351068900114,3
2011-07-01,2516032,34.0631930747185,-118.441731648025,5
2011-07-01,2516033,34.140376,-118.354334,3.5625
2011-07-01,2516034,34.0441909926075,-118.264145262105,4.3333333333333
2011-07-01,2516035,33.9883975839137,-118.475099377027,3.6
2011-07-01,2516036,34.1015410011125,-118.325300354623,3.9722222222222
2011-07-01,2516037,34.0565935968651,-118.396415376835,4.5263157894737
2011-07-01,2516038,34.0609449441061,-118.443011321951,4.3333333333333
2011-07-01,2516039,33.9488560475577,-118.385200864945,3.625
2011-07-01,2516040,34.139424571365,-118.216336041501,4
2011-07-01,2516041,33.9445699372929,-118.374092065061,4.241935483871
2011-07-01,2516042,34.0581587044518,-118.4154327714,4.0588235294118
2011-07-01,2516043,34.1552853199615,-118.469510903286,4
2011-07-01,2516044,33.9469519276321,-118.386508913305,4
2011-07-01,2516045,33.957494,-118.397884,3.5789473684211
2011-07-01,2516046,34.0990034129735,-118.322078302436,4
2011-07-01,2516047,33.9968004568877,-118.433881194775,4.5
2011-07-01,2516048,34.0565439662725,-118.383978256998,4.8
2011-07-01,2516049,34.1055776613332,-118.342126677278,4.6666666666667
2011-07-01,2516050,33.9807377426539,-118.464135992249,5
2011-07-01,2516051,34.1862531134357,-118.597287284837,4.2083333333333
2011-07-01,2516052,34.072877108348,-118.372749591071,4.5555555555556
2011-07-01,2516053,34.0518562083192,-118.417629844858,4.5
2011-07-01,2516055,34.06328666165,-118.441237282806,3.8181818181818
2011-07-01,2516056,34.0568787057148,-118.396403777022,3.6153846153846
2011-07-01,2516057,34.0514479917981,-118.242316764882,4
2011-07-01,2516058,34.1014478076548,-118.341753956305,3.6
2011-07-01,2516059,34.0456153928589,-118.264226850275,3.4545454545455
2011-07-01,2516060,33.9593045631458,-118.418984895065,3.125
2011-07-01,2516061,34.1000516589118,-118.309628714951,3.5714285714286
2011-07-01,2516062,34.053537209715,-118.255838930678,3.4
2011-07-01,2516063,33.7193207358595,-118.282878114977,3.75
2011-07-01,2516064,34.0929823089113,-118.291141208673,3.1538461538462
2011-07-01,2516065,34.0969322221739,-118.292431696693,4.2857142857143
2011-07-01,2516066,34.1026452777623,-118.309174899553,3.5
2011-07-01,2516067,34.1289592976562,-118.348105511798,4
2011-07-01,2516068,34.1711875604693,-118.466256137343,3.25
2011-07-01,2516069,33.959050023079,-118.384914378314,3.4444444444444
2011-07-01,2516070,34.208941941657,-118.388326340558,4
2011-07-01,2516071,34.1456291006491,-118.414844911327,3
2011-07-01,2516072,34.0345764246719,-118.433599410078,3.4
2011-07-01,2516073,34.1053341260162,-118.322952065388,4.4
2011-07-01,2516074,34.0497915102769,-118.240156280987,3
2011-07-01,2516075,34.2075308449183,-118.485972982648,4.1428571428571
2011-07-01,2516076,34.1728089740435,-118.46607742943,3.5
2011-07-01,2516077,33.9462074491906,-118.381599545052,3.48
2011-07-01,2516078,34.0476232182885,-118.258890521374,3.5833333333333
2011-07-01,2516079,33.9457260021695,-118.371793923976,3.75
2011-07-01,2516080,34.0497380979174,-118.254463515967,3.9090909090909
2011-07-01,2516081,34.0522515587247,-118.417389651062,4.0714285714286
2011-07-01,2516082,34.1678047738557,-118.603204909749,4.3333333333333
2011-07-01,2516083,34.0983788132955,-118.342266931431,3.875
2011-07-01,2516085,34.0470485335589,-118.260417380686,2.75
2011-07-01,2516087,33.9462579490741,-118.395099455713,2.5909090909091
2011-07-01,2516088,34.1456090875761,-118.41128883322,3.4705882352941
2011-07-01,2516089,34.2491756725101,-118.60460803607,4.75
2011-07-01,2516090,34.1381069707111,-118.365168679934,2.2
2011-07-01,2516091,33.9456506647775,-118.3881187357,3.0967741935484
2011-07-01,2516092,34.0584339399397,-118.237795569382,4.5
2011-07-01,2516093,34.055103057855,-118.254610762472,3.2
2011-07-01,2516094,34.0978820452757,-118.339146629665,3
2011-07-01,2516095,33.9455012498498,-118.374908476902,3.36
2011-07-01,2516096,34.0983770784162,-118.343208330156,3.3333333333333
2011-07-01,2516097,33.9519882938926,-118.385315623575,3.2222222222222
2011-07-01,2516098,34.1996796136914,-118.588366920761,4.6666666666667
2011-07-01,2516099,34.1072319580067,-118.337555024356,3.2
2011-07-01,2516100,34.0464771525903,-118.447410876457,4
2011-07-01,2516101,34.0655753108295,-118.299566166192,3
2011-07-01,2516102,34.1677291684269,-118.593088620507,2.5
2011-07-01,2516103,34.0500204374361,-118.253953776963,3.6521739130435
2011-07-01,2516104,34.0758020297681,-118.364444473685,3.75
2011-07-01,2516105,34.0811112615072,-118.27080031698,4
2011-07-01,2516106,33.9939506435302,-118.479671512169,4
2011-07-01,2516107,33.7423932906493,-118.292397184055,4
2011-07-01,2516108,34.0105420654367,-118.122350726838,4.75
2011-07-01,2516109,33.7383008062723,-118.282032598649,4
2011-07-01,2516111,34.1930577686402,-118.571814582411,5
2011-07-01,2516112,34.101648212205,-118.307422691329,3
2011-07-01,2516113,34.0508744098858,-118.432928103933,3
2011-07-01,2516114,34.2566231836638,-118.596455150108,3.1666666666667
2011-07-01,2516116,34.0834155931285,-118.312794949569,3.3125
2011-07-01,2516117,34.0471232263844,-118.260730199341,4
2011-07-01,2516118,34.0762104776531,-118.357779088228,2.6666666666667
2011-07-01,2516119,34.1035638030652,-118.339716138324,3.6
2011-07-01,2516121,34.0991341502846,-118.30894756759,3
2011-07-01,2516122,34.0976430261556,-118.347512608194,3
2011-07-01,2516123,34.1572390700389,-118.407255635623,5
2011-07-01,2516124,33.7903488298334,-118.283123738195,5
2011-07-01,2516125,34.1825837379487,-118.385955393601,3.25
2011-07-01,2516126,34.0766112847234,-118.29177618656,3
2011-07-01,2516127,34.1784677046888,-118.603669202533,3.4
2011-07-01,2516128,34.1020474087057,-118.311626895269,5
2011-07-01,2516129,34.1028051470893,-118.332876985747,3.2222222222222
2011-07-01,2516130,33.9462250684001,-118.371188081991,2.5454545454545
2011-07-01,2516133,34.3024942225292,-118.477728441735,3
2011-07-01,2516134,34.1706276017003,-118.572092853096,2
2011-07-01,2516135,34.0631617010629,-118.238899383141,4
2011-07-01,2516136,34.0334235035792,-118.468256684517,2
2011-07-01,2516137,34.2074666367529,-118.396606782259,2.5
2011-07-01,2516139,34.0621297585005,-118.300994558003,3.25
2011-07-01,2516141,34.0984676471971,-118.344173296134,3
2011-07-01,2516142,34.0414249715869,-118.429179861207,4
2011-07-01,2516143,34.3016863407998,-118.476851163699,3
2011-07-01,2516144,34.0982039677033,-118.30471964863,2
2011-07-01,1528623,34.0456694048666,-118.466127965088,4
2011-10-01,113229,34.1053328150592,-118.34334126994,2.2
2011-10-01,1186068,34.0976275926481,-118.339821957445,2
2011-10-01,119390,34.0599187676719,-118.421254315808,5
2011-10-01,119434,34.060815246861,-118.442751998368,3
2011-10-01,119464,34.105161159566,-118.320610341339,2
2011-10-01,119492,34.0762121103062,-118.357362761697,3
2011-10-01,1225375,34.0513369460506,-118.277615019217,2
2011-10-01,1591524,34.0515460580879,-118.265064302353,1
2011-10-01,217240,34.1373696993178,-118.363950666574,4
2011-10-01,217256,34.1392865167915,-118.381127758914,5
2011-10-01,223044,34.0918091047195,-118.326983788584,4
2011-10-01,225809,34.1046359499175,-118.329646249063,3.6666666666667
2011-10-01,226148,34.201681,-118.446452,3
2011-10-01,235430,34.1068923628012,-118.337392989032,2.7142857142857
2011-10-01,249696,34.0501281819109,-118.256911944403,3.5
2011-10-01,276208,34.0441967357044,-118.250566602687,3.125
2011-10-01,282463,34.0529899669703,-118.278580884615,1
2011-10-01,507339,33.9805880824061,-118.468018020899,4.4444444444444
2011-10-01,549441,34.0673055774087,-118.270008229462,1.6
2011-10-01,559383,34.1018452842808,-118.301450561659,2.75
2011-10-01,570050,34.0976696651903,-118.351427233977,1
2011-10-01,570515,34.2299597800096,-118.554101200064,3
2011-10-01,577590,34.1015838952761,-118.318465683948,4
2011-10-01,613137,34.0667529717458,-118.235964380948,4
2011-10-01,613619,33.9989426693448,-118.418464718127,1
2011-10-01,77260,34.0849806437913,-118.32694419552,3
2011-10-01,77717,34.0616892073485,-118.321422873516,4
2011-10-01,77740,34.0633294109869,-118.293260842154,2.6666666666667
2011-10-01,77753,34.0520896898731,-118.267366193307,1.6666666666667
2011-10-01,77844,34.019241063839,-118.281575924367,2.3333333333333
2011-10-01,77859,34.0447267232984,-118.258457124759,4
2011-10-01,77870,34.024194899348,-118.278632192384,3.3333333333333
2011-10-01,81285,33.7393983181781,-118.280287290345,3
2011-10-01,82498,34.1959500874601,-118.466816753483,2.5
2011-10-01,84224,33.9798023345216,-118.395222164111,1
2011-10-01,84286,34.060269,-118.276734,1
2011-10-01,84320,34.0541898501279,-118.272903589036,1.6
2011-10-01,84365,33.9981162080665,-118.420886588519,2.3333333333333
2011-10-01,84434,34.2476821894158,-118.606410517843,3.6666666666667
2011-10-01,84442,34.2576715708079,-118.600502739469,3
2011-10-01,84480,34.061157186032,-118.311377249744,2.6666666666667
2011-10-01,84499,34.0981964091535,-118.30782151018,2
2011-10-01,84513,34.0758904123293,-118.285150700495,4
2011-10-01,84522,34.0708593597257,-118.465318874922,3.4444444444444
2011-10-01,2515999,33.9467101076849,-118.393414564724,4.5
2011-10-01,2516000,34.1037331149454,-118.340608864937,4.1071428571429
2011-10-01,2516001,34.0737489773302,-118.361764859423,4.4705882352941
2011-10-01,2516002,34.0549600125653,-118.412264558564,4.2
2011-10-01,2516003,34.0796037088776,-118.376647516836,4.1176470588235
2011-10-01,2516004,34.1370373036864,-118.358402356193,4.3265306122449
2011-10-01,2516005,33.9465308016217,-118.390780413441,4.3174603174603
2011-10-01,2516006,34.0647239998319,-118.365332674559,4.0833333333333
2011-10-01,2516007,33.993348,-118.465075,4.3333333333333
2011-10-01,2516008,34.0729454115276,-118.469150932836,4.4117647058824
2011-10-01,2516009,34.0638913886863,-118.365966665009,5
2011-10-01,2516010,34.1027851846698,-118.339477242046,4.2948717948718
2011-10-01,2516011,34.2056934269506,-118.535964397552,4.125
2011-10-01,2516012,34.0466494335338,-118.254984249892,4.1363636363636
2011-10-01,2516013,34.1455832297549,-118.369808318319,4.5588235294118
2011-10-01,2516014,34.0456305056864,-118.266508596553,4.1111111111111
2011-10-01,2516015,34.1031136707943,-118.340605849236,4.1612903225806
2011-10-01,2516016,34.1060798365435,-118.337563749456,4.2826086956522
2011-10-01,2516017,34.060189,-118.4364,4.4838709677419
2011-10-01,2516018,34.0761214376416,-118.377563920151,4.2777777777778
2011-10-01,2516019,33.7897697863667,-118.306541841933,4.6363636363636
2011-10-01,2516020,34.0587374522646,-118.261716249729,4.7058823529412
2011-10-01,2516021,34.0456305056864,-118.266508596553,4.5555555555556
2011-10-01,2516022,34.0555963527732,-118.39874520186,4.2272727272727
2011-10-01,2516023,34.0526383178714,-118.250379382387,4.3392857142857
2011-10-01,2516024,34.1019761558376,-118.326772815937,4.2222222222222
2011-10-01,2516025,34.0763351917105,-118.37449702239,4.3333333333333
2011-10-01,2516026,34.0581547089431,-118.478294967448,4.4
2011-10-01,2516027,34.1042099849581,-118.342404185497,4.6923076923077
2011-10-01,2516028,34.0620536312223,-118.389418612212,4.875
2011-10-01,2516029,33.9479121993847,-118.385006324034,3.675
2011-10-01,2516030,34.0674159690018,-118.425788409021,4.6666666666667
2011-10-01,2516031,34.0700167007833,-118.351068900114,4
2011-10-01,2516032,34.0631930747185,-118.441731648025,3.5
2011-10-01,2516033,34.140376,-118.354334,3.7317073170732
2011-10-01,2516034,34.0441909926075,-118.264145262105,3.7142857142857
2011-10-01,2516035,33.9883975839137,-118.475099377027,4.625
2011-10-01,2516036,34.1015410011125,-118.325300354623,4.1428571428571
2011-10-01,2516037,34.0565935968651,-118.396415376835,3.8461538461538
2011-10-01,2516038,34.0609449441061,-118.443011321951,3.8333333333333
2011-10-01,2516039,33.9488560475577,-118.385200864945,3.6666666666667
2011-10-01,2516040,34.139424571365,-118.216336041501,3.8333333333333
2011-10-01,2516041,33.9445699372929,-118.374092065061,3.62
2011-10-01,2516042,34.0581587044518,-118.4154327714,3.8
2011-10-01,2516043,34.1552853199615,-118.469510903286,4.3333333333333
2011-10-01,2516044,33.9469519276321,-118.386508913305,3.7391304347826
2011-10-01,2516045,33.957494,-118.397884,4.1290322580645
2011-10-01,2516046,34.0990034129735,-118.322078302436,5
2011-10-01,2516047,33.9968004568877,-118.433881194775,4.1428571428571
2011-10-01,2516048,34.0565439662725,-118.383978256998,4.25
2011-10-01,2516049,34.1055776613332,-118.342126677278,3.9
2011-10-01,2516050,33.9807377426539,-118.464135992249,4.5
2011-10-01,2516051,34.1862531134357,-118.597287284837,3.75
2011-10-01,2516052,34.072877108348,-118.372749591071,4.2727272727273
2011-10-01,2516053,34.0518562083192,-118.417629844858,4.3333333333333
2011-10-01,2516055,34.06328666165,-118.441237282806,4.0555555555556
2011-10-01,2516056,34.0568787057148,-118.396403777022,3.5714285714286
2011-10-01,2516057,34.0514479917981,-118.242316764882,3.7352941176471
2011-10-01,2516058,34.1014478076548,-118.341753956305,3.5471698113208
2011-10-01,2516059,34.0456153928589,-118.264226850275,3.9230769230769
2011-10-01,2516060,33.9593045631458,-118.418984895065,3.56
2011-10-01,2516061,34.1000516589118,-118.309628714951,3.1428571428571
2011-10-01,2516062,34.053537209715,-118.255838930678,3.7555555555556
2011-10-01,2516063,33.7193207358595,-118.282878114977,3.6363636363636
2011-10-01,2516064,34.0929823089113,-118.291141208673,4
2011-10-01,2516065,34.0969322221739,-118.292431696693,3.4
2011-10-01,2516066,34.1026452777623,-118.309174899553,4.1666666666667
2011-10-01,2516067,34.1289592976562,-118.348105511798,2.2
2011-10-01,2516068,34.1711875604693,-118.466256137343,3.7
2011-10-01,2516069,33.959050023079,-118.384914378314,3.9444444444444
2011-10-01,2516070,34.208941941657,-118.388326340558,3.8333333333333
2011-10-01,2516071,34.1456291006491,-118.414844911327,4.6
2011-10-01,2516072,34.0345764246719,-118.433599410078,3.6666666666667
2011-10-01,2516073,34.1053341260162,-118.322952065388,4.2
2011-10-01,2516074,34.0497915102769,-118.240156280987,3.75
2011-10-01,2516075,34.2075308449183,-118.485972982648,3.9090909090909
2011-10-01,2516076,34.1728089740435,-118.46607742943,5
2011-10-01,2516077,33.9462074491906,-118.381599545052,3.6610169491525
2011-10-01,2516078,34.0476232182885,-118.258890521374,4
2011-10-01,2516079,33.9457260021695,-118.371793923976,3.95
2011-10-01,2516080,34.0497380979174,-118.254463515967,4
2011-10-01,2516081,34.0522515587247,-118.417389651062,4
2011-10-01,2516082,34.1678047738557,-118.603204909749,3
2011-10-01,2516083,34.0983788132955,-118.342266931431,3.85
2011-10-01,2516084,33.7427851930894,-118.292672453864,2
2011-10-01,2516085,34.0470485335589,-118.260417380686,3.5
2011-10-01,2516086,34.2791681541404,-118.470581528683,4
2011-10-01,2516087,33.9462579490741,-118.395099455713,3.0487804878049
2011-10-01,2516088,34.1456090875761,-118.41128883322,2.8421052631579
2011-10-01,2516089,34.2491756725101,-118.60460803607,4.5
2011-10-01,2516090,34.1381069707111,-118.365168679934,3
2011-10-01,2516091,33.9456506647775,-118.3881187357,3.3125
2011-10-01,2516092,34.0584339399397,-118.237795569382,5
2011-10-01,2516093,34.055103057855,-118.254610762472,3.0769230769231
2011-10-01,2516094,34.0978820452757,-118.339146629665,4.3333333333333
2011-10-01,2516095,33.9455012498498,-118.374908476902,3.6818181818182
2011-10-01,2516096,34.0983770784162,-118.343208330156,3.6666666666667
2011-10-01,2516097,33.9519882938926,-118.385315623575,3.1666666666667
2011-10-01,2516098,34.1996796136914,-118.588366920761,2.5
2011-10-01,2516099,34.1072319580067,-118.337555024356,3.5
2011-10-01,2516100,34.0464771525903,-118.447410876457,3.4
2011-10-01,2516101,34.0655753108295,-118.299566166192,3.7
2011-10-01,2516102,34.1677291684269,-118.593088620507,4.5
2011-10-01,2516103,34.0500204374361,-118.253953776963,3.5789473684211
2011-10-01,2516104,34.0758020297681,-118.364444473685,3.4285714285714
2011-10-01,2516105,34.0811112615072,-118.27080031698,4
2011-10-01,2516106,33.9939506435302,-118.479671512169,3.7777777777778
2011-10-01,2516107,33.7423932906493,-118.292397184055,2.75
2011-10-01,2516108,34.0105420654367,-118.122350726838,3.5
2011-10-01,2516109,33.7383008062723,-118.282032598649,3.75
2011-10-01,2516110,34.1720952296886,-118.550893936401,4.6666666666667
2011-10-01,2516111,34.1930577686402,-118.571814582411,5
2011-10-01,2516112,34.101648212205,-118.307422691329,3.5
2011-10-01,2516113,34.0508744098858,-118.432928103933,2.75
2011-10-01,2516114,34.2566231836638,-118.596455150108,4
2011-10-01,2516115,34.2631962319832,-118.468545591944,2
2011-10-01,2516116,34.0834155931285,-118.312794949569,2.8461538461538
2011-10-01,2516117,34.0471232263844,-118.260730199341,3.1428571428571
2011-10-01,2516118,34.0762104776531,-118.357779088228,2.6666666666667
2011-10-01,2516119,34.1035638030652,-118.339716138324,3.6
2011-10-01,2516120,34.0900374908964,-118.16542826943,4.25
2011-10-01,2516121,34.0991341502846,-118.30894756759,3.5
2011-10-01,2516122,34.0976430261556,-118.347512608194,2.6666666666667
2011-10-01,2516123,34.1572390700389,-118.407255635623,4
2011-10-01,2516124,33.7903488298334,-118.283123738195,5
2011-10-01,2516125,34.1825837379487,-118.385955393601,3.3333333333333
2011-10-01,2516126,34.0766112847234,-118.29177618656,2.75
2011-10-01,2516127,34.1784677046888,-118.603669202533,3.8
2011-10-01,2516128,34.1020474087057,-118.311626895269,3.5
2011-10-01,2516129,34.1028051470893,-118.332876985747,3.5
2011-10-01,2516130,33.9462250684001,-118.371188081991,2.9411764705882
2011-10-01,2516131,34.0984606945895,-118.312407132417,1
2011-10-01,2516132,34.0725668655878,-118.250929481276,3
2011-10-01,2516133,34.3024942225292,-118.477728441735,1.75
2011-10-01,2516134,34.1706276017003,-118.572092853096,3
2011-10-01,2516135,34.0631617010629,-118.238899383141,3.5
2011-10-01,2516136,34.0334235035792,-118.468256684517,4
2011-10-01,2516137,34.2074666367529,-118.396606782259,4
2011-10-01,2516138,34.2204939444065,-118.472014969332,4.5
2011-10-01,2516139,34.0621297585005,-118.300994558003,2.7307692307692
2011-10-01,2516140,34.0750812125585,-118.265362024942,1
2011-10-01,2516141,34.0984676471971,-118.344173296134,2.7142857142857
2011-10-01,2516142,34.0414249715869,-118.429179861207,2.625
2011-10-01,2516144,34.0982039677033,-118.30471964863,3.5
2011-10-01,1528623,34.0456694048666,-118.466127965088,1
2012-01-01,113229,34.1053328150592,-118.34334126994,2
2012-01-01,1186068,34.0976275926481,-118.339821957445,1
2012-01-01,119390,34.0599187676719,-118.421254315808,2.5
2012-01-01,119464,34.105161159566,-118.320610341339,3
2012-01-01,1225375,34.0513369460506,-118.277615019217,3
2012-01-01,217240,34.1373696993178,-118.363950666574,2
2012-01-01,223044,34.0918091047195,-118.326983788584,1
2012-01-01,225809,34.1046359499175,-118.329646249063,3
2012-01-01,226056,34.1703780730546,-118.574065425977,1.5
2012-01-01,226148,34.201681,-118.446452,2
2012-01-01,235430,34.1068923628012,-118.337392989032,2
2012-01-01,240156,34.2224474327847,-118.474796458466,2
2012-01-01,249696,34.0501281819109,-118.256911944403,3.3
2012-01-01,276208,34.0441967357044,-118.250566602687,3
2012-01-01,507339,33.9805880824061,-118.468018020899,3.7
2012-01-01,549441,34.0673055774087,-118.270008229462,2
2012-01-01,570050,34.0976696651903,-118.351427233977,3
2012-01-01,570515,34.2299597800096,-118.554101200064,1.75
2012-01-01,589309,34.0663045270039,-118.253917432249,1.5
2012-01-01,613137,34.0667529717458,-118.235964380948,1
2012-01-01,634746,34.32286360408,-118.460968652514,3
2012-01-01,77260,34.0849806437913,-118.32694419552,3.5
2012-01-01,77717,34.0616892073485,-118.321422873516,2
2012-01-01,77740,34.0633294109869,-118.293260842154,3
2012-01-01,77753,34.0520896898731,-118.267366193307,2.5
2012-01-01,77809,34.0530223105516,-118.247694779261,3
2012-01-01,77844,34.019241063839,-118.281575924367,3.3333333333333
2012-01-01,77859,34.0447267232984,-118.258457124759,3
2012-01-01,77870,34.024194899348,-118.278632192384,4
2012-01-01,81285,33.7393983181781,-118.280287290345,2.5
2012-01-01,82498,34.1959500874601,-118.466816753483,1
2012-01-01,84224,33.9798023345216,-118.395222164111,1
2012-01-01,84286,34.060269,-118.276734,4
2012-01-01,84320,34.0541898501279,-118.272903589036,3.6666666666667
2012-01-01,84365,33.9981162080665,-118.420886588519,4
2012-01-01,84434,34.2476821894158,-118.606410517843,1
2012-01-01,84480,34.061157186032,-118.311377249744,3
2012-01-01,84499,34.0981964091535,-118.30782151018,2.3333333333333
2012-01-01,84522,34.0708593597257,-118.465318874922,4.25
2012-01-01,2515999,33.9467101076849,-118.393414564724,3.9333333333333
2012-01-01,2516000,34.1037331149454,-118.340608864937,4.1071428571429
2012-01-01,2516001,34.0737489773302,-118.361764859423,4
2012-01-01,2516002,34.0549600125653,-118.412264558564,3.7619047619048
2012-01-01,2516003,34.0796037088776,-118.376647516836,4.0909090909091
2012-01-01,2516004,34.1370373036864,-118.358402356193,4.3157894736842
2012-01-01,2516005,33.9465308016217,-118.390780413441,3.8787878787879
2012-01-01,2516006,34.0647239998319,-118.365332674559,4.6666666666667
2012-01-01,2516007,33.993348,-118.465075,4.25
2012-01-01,2516008,34.0729454115276,-118.469150932836,4.5625
2012-01-01,2516009,34.0638913886863,-118.365966665009,4.1
2012-01-01,2516010,34.1027851846698,-118.339477242046,4.0697674418605
2012-01-01,2516011,34.2056934269506,-118.535964397552,4
2012-01-01,2516012,34.0466494335338,-118.254984249892,4.5714285714286
2012-01-01,2516013,34.1455832297549,-118.369808318319,4.0277777777778
2012-01-01,2516014,34.0456305056864,-118.266508596553,4.4838709677419
2012-01-01,2516015,34.1031136707943,-118.340605849236,4.4848484848485
2012-01-01,2516016,34.1060798365435,-118.337563749456,4.2352941176471
2012-01-01,2516017,34.060189,-118.4364,4.5555555555556
2012-01-01,2516018,34.0761214376416,-118.377563920151,4.5510204081633
2012-01-01,2516019,33.7897697863667,-118.306541841933,4.5454545454545
2012-01-01,2516020,34.0587374522646,-118.261716249729,4.2666666666667
2012-01-01,2516021,34.0456305056864,-118.266508596553,4.8
2012-01-01,2516022,34.0555963527732,-118.39874520186,4.3684210526316
2012-01-01,2516023,34.0526383178714,-118.250379382387,4.4285714285714
2012-01-01,2516024,34.1019761558376,-118.326772815937,4.4545454545455
2012-01-01,2516025,34.0763351917105,-118.37449702239,4.5333333333333
2012-01-01,2516026,34.0581547089431,-118.478294967448,4.4
2012-01-01,2516027,34.1042099849581,-118.342404185497,4.7142857142857
2012-01-01,2516028,34.0620536312223,-118.389418612212,4.5625
2012-01-01,2516029,33.9479121993847,-118.385006324034,3.9154929577465
2012-01-01,2516030,34.0674159690018,-118.425788409021,3.75
2012-01-01,2516031,34.0700167007833,-118.351068900114,4.25
2012-01-01,2516032,34.0631930747185,-118.441731648025,4.25
2012-01-01,2516033,34.140376,-118.354334,4.1153846153846
2012-01-01,2516034,34.0441909926075,-118.264145262105,4.2307692307692
2012-01-01,2516035,33.9883975839137,-118.475099377027,4.8333333333333
2012-01-01,2516036,34.1015410011125,-118.325300354623,3.9545454545455
2012-01-01,2516037,34.0565935968651,-118.396415376835,4.1428571428571
2012-01-01,2516038,34.0609449441061,-118.443011321951,2.5
2012-01-01,2516039,33.9488560475577,-118.385200864945,3.6315789473684
2012-01-01,2516040,34.139424571365,-118.216336041501,5
2012-01-01,2516041,33.9445699372929,-118.374092065061,3.987012987013
2012-01-01,2516042,34.0581587044518,-118.4154327714,3.9166666666667
2012-01-01,2516043,34.1552853199615,-118.469510903286,4.5
2012-01-01,2516044,33.9469519276321,-118.386508913305,4.28
2012-01-01,2516045,33.957494,-118.397884,4.1612903225806
2012-01-01,2516046,34.0990034129735,-118.322078302436,5
2012-01-01,2516047,33.9968004568877,-118.433881194775,4.2
2012-01-01,2516048,34.0565439662725,-118.383978256998,4.6666666666667
2012-01-01,2516049,34.1055776613332,-118.342126677278,4.5
2012-01-01,2516050,33.9807377426539,-118.464135992249,4.2222222222222
2012-01-01,2516051,34.1862531134357,-118.597287284837,4
2012-01-01,2516052,34.072877108348,-118.372749591071,4.25
2012-01-01,2516053,34.0518562083192,-118.417629844858,3.7142857142857
2012-01-01,2516054,34.0861857809122,-118.445272795424,3.8571428571429
2012-01-01,2516055,34.06328666165,-118.441237282806,3.9285714285714
2012-01-01,2516056,34.0568787057148,-118.396403777022,3.8461538461538
2012-01-01,2516057,34.0514479917981,-118.242316764882,4
2012-01-01,2516058,34.1014478076548,-118.341753956305,3.3636363636364
2012-01-01,2516059,34.0456153928589,-118.264226850275,3.7
2012-01-01,2516060,33.9593045631458,-118.418984895065,4.2666666666667
2012-01-01,2516061,34.1000516589118,-118.309628714951,2.6
2012-01-01,2516062,34.053537209715,-118.255838930678,3.7894736842105
2012-01-01,2516063,33.7193207358595,-118.282878114977,4
2012-01-01,2516064,34.0929823089113,-118.291141208673,3.2857142857143
2012-01-01,2516065,34.0969322221739,-118.292431696693,2.9333333333333
2012-01-01,2516066,34.1026452777623,-118.309174899553,3.6666666666667
2012-01-01,2516067,34.1289592976562,-118.348105511798,4.3333333333333
2012-01-01,2516068,34.1711875604693,-118.466256137343,3.6666666666667
2012-01-01,2516069,33.959050023079,-118.384914378314,3.4210526315789
2012-01-01,2516070,34.208941941657,-118.388326340558,3.8571428571429
2012-01-01,2516071,34.1456291006491,-118.414844911327,4.25
2012-01-01,2516072,34.0345764246719,-118.433599410078,4.6666666666667
2012-01-01,2516073,34.1053341260162,-118.322952065388,3.625
2012-01-01,2516074,34.0497915102769,-118.240156280987,4
2012-01-01,2516075,34.2075308449183,-118.485972982648,4
2012-01-01,2516076,34.1728089740435,-118.46607742943,2.75
2012-01-01,2516077,33.9462074491906,-118.381599545052,3.5689655172414
2012-01-01,2516078,34.0476232182885,-118.258890521374,3.88
2012-01-01,2516079,33.9457260021695,-118.371793923976,3.9375
2012-01-01,2516080,34.0497380979174,-118.254463515967,4.2222222222222
2012-01-01,2516081,34.0522515587247,-118.417389651062,3.0588235294118
2012-01-01,2516082,34.1678047738557,-118.603204909749,3
2012-01-01,2516083,34.0983788132955,-118.342266931431,3.9375
2012-01-01,2516084,33.7427851930894,-118.292672453864,3.6666666666667
2012-01-01,2516085,34.0470485335589,-118.260417380686,3.75
2012-01-01,2516086,34.2791681541404,-118.470581528683,4
2012-01-01,2516087,33.9462579490741,-118.395099455713,3
2012-01-01,2516088,34.1456090875761,-118.41128883322,3.0909090909091
2012-01-01,2516089,34.2491756725101,-118.60460803607,4
2012-01-01,2516090,34.1381069707111,-118.365168679934,3.75
2012-01-01,2516091,33.9456506647775,-118.3881187357,3.3235294117647
2012-01-01,2516092,34.0584339399397,-118.237795569382,3.6
2012-01-01,2516093,34.055103057855,-118.254610762472,3.6666666666667
2012-01-01,2516094,34.0978820452757,-118.339146629665,4
2012-01-01,2516095,33.9455012498498,-118.374908476902,3.5238095238095
2012-01-01,2516096,34.0983770784162,-118.343208330156,3.6
2012-01-01,2516097,33.9519882938926,-118.385315623575,3.5
2012-01-01,2516098,34.1996796136914,-118.588366920761,4.1666666666667
2012-01-01,2516099,34.1072319580067,-118.337555024356,3.8888888888889
2012-01-01,2516100,34.0464771525903,-118.447410876457,4
2012-01-01,2516101,34.0655753108295,-118.299566166192,3.6666666666667
2012-01-01,2516102,34.1677291684269,-118.593088620507,4.4
2012-01-01,2516103,34.0500204374361,-118.253953776963,3.0833333333333
2012-01-01,2516104,34.0758020297681,-118.364444473685,3.5555555555556
2012-01-01,2516105,34.0811112615072,-118.27080031698,4
2012-01-01,2516106,33.9939506435302,-118.479671512169,3.1428571428571
2012-01-01,2516108,34.0105420654367,-118.122350726838,4
2012-01-01,2516109,33.7383008062723,-118.282032598649,4.0909090909091
2012-01-01,2516110,34.1720952296886,-118.550893936401,4
2012-01-01,2516112,34.101648212205,-118.307422691329,2.5
2012-01-01,2516116,34.0834155931285,-118.312794949569,2.8181818181818
2012-01-01,2516117,34.0471232263844,-118.260730199341,2.6666666666667
2012-01-01,2516118,34.0762104776531,-118.357779088228,3.5
2012-01-01,2516119,34.1035638030652,-118.339716138324,2
2012-01-01,2516120,34.0900374908964,-118.16542826943,3
2012-01-01,2516121,34.0991341502846,-118.30894756759,1
2012-01-01,2516122,34.0976430261556,-118.347512608194,3.8
2012-01-01,2516123,34.1572390700389,-118.407255635623,3.3333333333333
2012-01-01,2516125,34.1825837379487,-118.385955393601,4
2012-01-01,2516127,34.1784677046888,-118.603669202533,2.7777777777778
2012-01-01,2516129,34.1028051470893,-118.332876985747,4
2012-01-01,2516130,33.9462250684001,-118.371188081991,3.5
2012-01-01,2516132,34.0725668655878,-118.250929481276,3.25
2012-01-01,2516133,34.3024942225292,-118.477728441735,4
2012-01-01,2516135,34.0631617010629,-118.238899383141,3.2857142857143
2012-01-01,2516136,34.0334235035792,-118.468256684517,4
2012-01-01,2516137,34.2074666367529,-118.396606782259,3
2012-01-01,2516138,34.2204939444065,-118.472014969332,2.6666666666667
2012-01-01,2516139,34.0621297585005,-118.300994558003,2.9473684210526
2012-01-01,2516140,34.0750812125585,-118.265362024942,4
2012-01-01,2516141,34.0984676471971,-118.344173296134,3.3333333333333
2012-01-01,2516142,34.0414249715869,-118.429179861207,3.75
2012-01-01,2516143,34.3016863407998,-118.476851163699,3
2012-01-01,2516144,34.0982039677033,-118.30471964863,2
2012-01-01,1528623,34.0456694048666,-118.466127965088,4
2012-04-01,113229,34.1053328150592,-118.34334126994,2.3333333333333
2012-04-01,119492,34.0762121103062,-118.357362761697,3
2012-04-01,1225375,34.0513369460506,-118.277615019217,2.5
2012-04-01,1591524,34.0515460580879,-118.265064302353,4
2012-04-01,217240,34.1373696993178,-118.363950666574,1
2012-04-01,217256,34.1392865167915,-118.381127758914,1
2012-04-01,223044,34.0918091047195,-118.326983788584,1
2012-04-01,225809,34.1046359499175,-118.329646249063,2
2012-04-01,226056,34.1703780730546,-118.574065425977,3
2012-04-01,235430,34.1068923628012,-118.337392989032,4
2012-04-01,249696,34.0501281819109,-118.256911944403,3.9333333333333
2012-04-01,276208,34.0441967357044,-118.250566602687,3
2012-04-01,282463,34.0529899669703,-118.278580884615,3
2012-04-01,507339,33.9805880824061,-118.468018020899,4.6666666666667
2012-04-01,549441,34.0673055774087,-118.270008229462,3.3333333333333
2012-04-01,559383,34.1018452842808,-118.301450561659,1
2012-04-01,570515,34.2299597800096,-118.554101200064,3.5
2012-04-01,577590,34.1015838952761,-118.318465683948,5
2012-04-01,589309,34.0663045270039,-118.253917432249,1
2012-04-01,613619,33.9989426693448,-118.418464718127,1
2012-04-01,77260,34.0849806437913,-118.32694419552,2.5
2012-04-01,77717,34.0616892073485,-118.321422873516,3
2012-04-01,77740,34.0633294109869,-118.293260842154,3.25
2012-04-01,77753,34.0520896898731,-118.267366193307,3.2
2012-04-01,77809,34.0530223105516,-118.247694779261,4
2012-04-01,77844,34.019241063839,-118.281575924367,3.8
2012-04-01,77870,34.024194899348,-118.278632192384,3.5
2012-04-01,81285,33.7393983181781,-118.280287290345,2
2012-04-01,84224,33.9798023345216,-118.395222164111,3.5
2012-04-01,84286,34.060269,-118.276734,3.5
2012-04-01,84320,34.0541898501279,-118.272903589036,2.5
2012-04-01,84434,34.2476821894158,-118.606410517843,2
2012-04-01,84442,34.2576715708079,-118.600502739469,3
2012-04-01,84480,34.061157186032,-118.311377249744,3
2012-04-01,84513,34.0758904123293,-118.285150700495,2
2012-04-01,84522,34.0708593597257,-118.465318874922,3.8095238095238
2012-04-01,2515999,33.9467101076849,-118.393414564724,4
2012-04-01,2516000,34.1037331149454,-118.340608864937,4.3333333333333
2012-04-01,2516001,34.0737489773302,-118.361764859423,4.0833333333333
2012-04-01,2516002,34.0549600125653,-118.412264558564,3.7083333333333
2012-04-01,2516003,34.0796037088776,-118.376647516836,4.1914893617021
2012-04-01,2516004,34.1370373036864,-118.358402356193,4.0392156862745
2012-04-01,2516005,33.9465308016217,-118.390780413441,3.7142857142857
2012-04-01,2516006,34.0647239998319,-118.365332674559,4
2012-04-01,2516007,33.993348,-118.465075,4.4166666666667
2012-04-01,2516008,34.0729454115276,-118.469150932836,4.3684210526316
2012-04-01,2516009,34.0638913886863,-118.365966665009,3.8333333333333
2012-04-01,2516010,34.1027851846698,-118.339477242046,4.1521739130435
2012-04-01,2516011,34.2056934269506,-118.535964397552,4.2222222222222
2012-04-01,2516012,34.0466494335338,-118.254984249892,4.8333333333333
2012-04-01,2516013,34.1455832297549,-118.369808318319,4.475
2012-04-01,2516014,34.0456305056864,-118.266508596553,4.4615384615385
2012-04-01,2516015,34.1031136707943,-118.340605849236,4.2258064516129
2012-04-01,2516016,34.1060798365435,-118.337563749456,4.1714285714286
2012-04-01,2516017,34.060189,-118.4364,4.1944444444444
2012-04-01,2516018,34.0761214376416,-118.377563920151,4.3023255813953
2012-04-01,2516019,33.7897697863667,-118.306541841933,4
2012-04-01,2516020,34.0587374522646,-118.261716249729,4.3
2012-04-01,2516021,34.0456305056864,-118.266508596553,3.8
2012-04-01,2516022,34.0555963527732,-118.39874520186,4.7
2012-04-01,2516023,34.0526383178714,-118.250379382387,4.5
2012-04-01,2516024,34.1019761558376,-118.326772815937,4.6666666666667
2012-04-01,2516025,34.0763351917105,-118.37449702239,4.5384615384615
2012-04-01,2516026,34.0581547089431,-118.478294967448,4.5833333333333
2012-04-01,2516027,34.1042099849581,-118.342404185497,4.6181818181818
2012-04-01,2516028,34.0620536312223,-118.389418612212,4.75
2012-04-01,2516029,33.9479121993847,-118.385006324034,3.8390804597701
2012-04-01,2516030,34.0674159690018,-118.425788409021,4
2012-04-01,2516031,34.0700167007833,-118.351068900114,4
2012-04-01,2516032,34.0631930747185,-118.441731648025,4.6666666666667
2012-04-01,2516033,34.140376,-118.354334,3.8387096774194
2012-04-01,2516034,34.0441909926075,-118.264145262105,4
2012-04-01,2516035,33.9883975839137,-118.475099377027,4.4285714285714
2012-04-01,2516036,34.1015410011125,-118.325300354623,3.5757575757576
2012-04-01,2516037,34.0565935968651,-118.396415376835,3.7058823529412
2012-04-01,2516038,34.0609449441061,-118.443011321951,3.6666666666667
2012-04-01,2516039,33.9488560475577,-118.385200864945,4
2012-04-01,2516040,34.139424571365,-118.216336041501,4.5
2012-04-01,2516041,33.9445699372929,-118.374092065061,3.64
2012-04-01,2516042,34.0581587044518,-118.4154327714,4.1904761904762
2012-04-01,2516043,34.1552853199615,-118.469510903286,4.125
2012-04-01,2516044,33.9469519276321,-118.386508913305,3.72
2012-04-01,2516045,33.957494,-118.397884,3.9047619047619
2012-04-01,2516046,34.0990034129735,-118.322078302436,3.75
2012-04-01,2516047,33.9968004568877,-118.433881194775,4
2012-04-01,2516048,34.0565439662725,-118.383978256998,4.25
2012-04-01,2516049,34.1055776613332,-118.342126677278,4.4
2012-04-01,2516050,33.9807377426539,-118.464135992249,4
2012-04-01,2516051,34.1862531134357,-118.597287284837,4
2012-04-01,2516052,34.072877108348,-118.372749591071,4.5714285714286
2012-04-01,2516053,34.0518562083192,-118.417629844858,4.4285714285714
2012-04-01,2516054,34.0861857809122,-118.445272795424,3.875
2012-04-01,2516055,34.06328666165,-118.441237282806,4.2142857142857
2012-04-01,2516056,34.0568787057148,-118.396403777022,4
2012-04-01,2516057,34.0514479917981,-118.242316764882,3.4375
2012-04-01,2516058,34.1014478076548,-118.341753956305,3.843137254902
2012-04-01,2516059,34.0456153928589,-118.264226850275,4.4545454545455
2012-04-01,2516060,33.9593045631458,-118.418984895065,3.8484848484848
2012-04-01,2516061,34.1000516589118,-118.309628714951,3.4285714285714
2012-04-01,2516062,34.053537209715,-118.255838930678,3.8913043478261
2012-04-01,2516063,33.7193207358595,-118.282878114977,3.75
2012-04-01,2516064,34.0929823089113,-118.291141208673,3.3589743589744
2012-04-01,2516065,34.0969322221739,-118.292431696693,3.4285714285714
2012-04-01,2516066,34.1026452777623,-118.309174899553,4.1666666666667
2012-04-01,2516067,34.1289592976562,-118.348105511798,4
2012-04-01,2516068,34.1711875604693,-118.466256137343,3.4444444444444
2012-04-01,2516069,33.959050023079,-118.384914378314,4.2727272727273
2012-04-01,2516070,34.208941941657,-118.388326340558,4.3333333333333
2012-04-01,2516072,34.0345764246719,-118.433599410078,4.5
2012-04-01,2516073,34.1053341260162,-118.322952065388,4.2222222222222
2012-04-01,2516074,34.0497915102769,-118.240156280987,3.8571428571429
2012-04-01,2516075,34.2075308449183,-118.485972982648,3.6923076923077
2012-04-01,2516076,34.1728089740435,-118.46607742943,4.125
2012-04-01,2516077,33.9462074491906,-118.381599545052,4.0153846153846
2012-04-01,2516078,34.0476232182885,-118.258890521374,3.6785714285714
2012-04-01,2516079,33.9457260021695,-118.371793923976,3.8
2012-04-01,2516080,34.0497380979174,-118.254463515967,3.6470588235294
2012-04-01,2516081,34.0522515587247,-118.417389651062,4.8333333333333
2012-04-01,2516082,34.1678047738557,-118.603204909749,3.75
2012-04-01,2516083,34.0983788132955,-118.342266931431,3.8571428571429
2012-04-01,2516084,33.7427851930894,-118.292672453864,3.3333333333333
2012-04-01,2516085,34.0470485335589,-118.260417380686,3.375
2012-04-01,2516086,34.2791681541404,-118.470581528683,5
2012-04-01,2516087,33.9462579490741,-118.395099455713,3.46875
2012-04-01,2516088,34.1456090875761,-118.41128883322,3.3
2012-04-01,2516089,34.2491756725101,-118.60460803607,3.5
2012-04-01,2516090,34.1381069707111,-118.365168679934,4.1428571428571
2012-04-01,2516091,33.9456506647775,-118.3881187357,3.72
2012-04-01,2516092,34.0584339399397,-118.237795569382,3.5
2012-04-01,2516093,34.055103057855,-118.254610762472,3.25
2012-04-01,2516094,34.0978820452757,-118.339146629665,4
2012-04-01,2516095,33.9455012498498,-118.374908476902,3.4090909090909
2012-04-01,2516096,34.0983770784162,-118.343208330156,3.2
2012-04-01,2516097,33.9519882938926,-118.385315623575,3.1
2012-04-01,2516098,34.1996796136914,-118.588366920761,3
2012-04-01,2516099,34.1072319580067,-118.337555024356,3.7142857142857
2012-04-01,2516100,34.0464771525903,-118.447410876457,3.4166666666667
2012-04-01,2516101,34.0655753108295,-118.299566166192,2.8333333333333
2012-04-01,2516103,34.0500204374361,-118.253953776963,3.4285714285714
2012-04-01,2516104,34.0758020297681,-118.364444473685,4
2012-04-01,2516105,34.0811112615072,-118.27080031698,4
2012-04-01,2516106,33.9939506435302,-118.479671512169,4.3333333333333
2012-04-01,2516107,33.7423932906493,-118.292397184055,3.75
2012-04-01,2516108,34.0105420654367,-118.122350726838,3.6666666666667
2012-04-01,2516109,33.7383008062723,-118.282032598649,4.2
2012-04-01,2516110,34.1720952296886,-118.550893936401,3
2012-04-01,2516111,34.1930577686402,-118.571814582411,3
2012-04-01,2516112,34.101648212205,-118.307422691329,3.2222222222222
2012-04-01,2516113,34.0508744098858,-118.432928103933,5
2012-04-01,2516114,34.2566231836638,-118.596455150108,4
2012-04-01,2516115,34.2631962319832,-118.468545591944,2
2012-04-01,2516116,34.0834155931285,-118.312794949569,3.1
2012-04-01,2516117,34.0471232263844,-118.260730199341,3.6
2012-04-01,2516118,34.0762104776531,-118.357779088228,4
2012-04-01,2516119,34.1035638030652,-118.339716138324,4
2012-04-01,2516120,34.0900374908964,-118.16542826943,1
2012-04-01,2516121,34.0991341502846,-118.30894756759,4
2012-04-01,2516122,34.0976430261556,-118.347512608194,3.25
2012-04-01,2516123,34.1572390700389,-118.407255635623,1.5
2012-04-01,2516124,33.7903488298334,-118.283123738195,4
2012-04-01,2516125,34.1825837379487,-118.385955393601,3
2012-04-01,2516126,34.0766112847234,-118.29177618656,3.5
2012-04-01,2516127,34.1784677046888,-118.603669202533,3.3333333333333
2012-04-01,2516128,34.1020474087057,-118.311626895269,3.5
2012-04-01,2516129,34.1028051470893,-118.332876985747,1.75
2012-04-01,2516130,33.9462250684001,-118.371188081991,3.5
2012-04-01,2516131,34.0984606945895,-118.312407132417,4.5
2012-04-01,2516132,34.0725668655878,-118.250929481276,3.5
2012-04-01,2516133,34.3024942225292,-118.477728441735,3.5
2012-04-01,2516134,34.1706276017003,-118.572092853096,3
2012-04-01,2516138,34.2204939444065,-118.472014969332,2.5
2012-04-01,2516139,34.0621297585005,-118.300994558003,3.0625
2012-04-01,2516140,34.0750812125585,-118.265362024942,4
2012-04-01,2516141,34.0984676471971,-118.344173296134,2.6666666666667
2012-04-01,2516142,34.0414249715869,-118.429179861207,2.25
2012-04-01,2516143,34.3016863407998,-118.476851163699,4
2012-04-01,2516144,34.0982039677033,-118.30471964863,5
2012-04-01,1528623,34.0456694048666,-118.466127965088,5
2012-07-01,2515999,33.9467101076849,-118.393414564724,4.4
2012-07-01,2516000,34.1037331149454,-118.340608864937,4.5
2012-07-01,2516001,34.0737489773302,-118.361764859423,3.4285714285714
2012-07-01,2516002,34.0549600125653,-118.412264558564,3.9285714285714
2012-07-01,2516003,34.0796037088776,-118.376647516836,4.1923076923077
2012-07-01,2516004,34.1370373036864,-118.358402356193,4.1304347826087
2012-07-01,2516005,33.9465308016217,-118.390780413441,4.1470588235294
2012-07-01,2516006,34.0647239998319,-118.365332674559,4.6666666666667
2012-07-01,2516007,33.993348,-118.465075,3.8571428571429
2012-07-01,2516008,34.0729454115276,-118.469150932836,4.5
2012-07-01,2516009,34.0638913886863,-118.365966665009,4.75
2012-07-01,2516010,34.1027851846698,-118.339477242046,3.8695652173913
2012-07-01,2516011,34.2056934269506,-118.535964397552,4.25
2012-07-01,2516012,34.0466494335338,-118.254984249892,4.25
2012-07-01,2516013,34.1455832297549,-118.369808318319,3.5
2012-07-01,2516014,34.0456305056864,-118.266508596553,4.304347826087
2012-07-01,2516015,34.1031136707943,-118.340605849236,4.5454545454545
2012-07-01,2516016,34.1060798365435,-118.337563749456,4.05
2012-07-01,2516017,34.060189,-118.4364,4.0625
2012-07-01,2516018,34.0761214376416,-118.377563920151,3.9444444444444
2012-07-01,2516019,33.7897697863667,-118.306541841933,4.1666666666667
2012-07-01,2516020,34.0587374522646,-118.261716249729,4.0833333333333
2012-07-01,2516021,34.0456305056864,-118.266508596553,4.3333333333333
2012-07-01,2516022,34.0555963527732,-118.39874520186,4
2012-07-01,2516023,34.0526383178714,-118.250379382387,4.5333333333333
2012-07-01,2516024,34.1019761558376,-118.326772815937,4.5
2012-07-01,2516025,34.0763351917105,-118.37449702239,4.9166666666667
2012-07-01,2516026,34.0581547089431,-118.478294967448,4.75
2012-07-01,2516027,34.1042099849581,-118.342404185497,4.7647058823529
2012-07-01,2516028,34.0620536312223,-118.389418612212,5
2012-07-01,2516029,33.9479121993847,-118.385006324034,3.6666666666667
2012-07-01,2516030,34.0674159690018,-118.425788409021,4.6666666666667
2012-07-01,2516031,34.0700167007833,-118.351068900114,2.6666666666667
2012-07-01,2516032,34.0631930747185,-118.441731648025,3.5
2012-07-01,2516033,34.140376,-118.354334,3.7916666666667
2012-07-01,2516034,34.0441909926075,-118.264145262105,3.625
2012-07-01,2516035,33.9883975839137,-118.475099377027,3
2012-07-01,2516036,34.1015410011125,-118.325300354623,3.7272727272727
2012-07-01,2516037,34.0565935968651,-118.396415376835,3
2012-07-01,2516038,34.0609449441061,-118.443011321951,4.2
2012-07-01,2516039,33.9488560475577,-118.385200864945,3.8571428571429
2012-07-01,2516040,34.139424571365,-118.216336041501,3
2012-07-01,2516041,33.9445699372929,-118.374092065061,3.5555555555556
2012-07-01,2516042,34.0581587044518,-118.4154327714,3.2941176470588
2012-07-01,2516043,34.1552853199615,-118.469510903286,3.6666666666667
2012-07-01,2516044,33.9469519276321,-118.386508913305,3.8461538461538
2012-07-01,2516045,33.957494,-118.397884,3.5454545454545
2012-07-01,2516046,34.0990034129735,-118.322078302436,4
2012-07-01,2516047,33.9968004568877,-118.433881194775,4.25
2012-07-01,2516048,34.0565439662725,-118.383978256998,5
2012-07-01,2516049,34.1055776613332,-118.342126677278,5
2012-07-01,2516050,33.9807377426539,-118.464135992249,2.6666666666667
2012-07-01,2516051,34.1862531134357,-118.597287284837,4.1052631578947
2012-07-01,2516052,34.072877108348,-118.372749591071,4.2
2012-07-01,2516053,34.0518562083192,-118.417629844858,4.25
2012-07-01,2516054,34.0861857809122,-118.445272795424,4.6666666666667
2012-07-01,2516055,34.06328666165,-118.441237282806,3.8181818181818
2012-07-01,2516056,34.0568787057148,-118.396403777022,4.5
2012-07-01,2516057,34.0514479917981,-118.242316764882,3.6
2012-07-01,2516058,34.1014478076548,-118.341753956305,4.36
2012-07-01,2516059,34.0456153928589,-118.264226850275,4.25
2012-07-01,2516060,33.9593045631458,-118.418984895065,3.6666666666667
2012-07-01,2516061,34.1000516589118,-118.309628714951,2.8
2012-07-01,2516062,34.053537209715,-118.255838930678,3.9090909090909
2012-07-01,2516063,33.7193207358595,-118.282878114977,3.6666666666667
2012-07-01,2516064,34.0929823089113,-118.291141208673,3
2012-07-01,2516065,34.0969322221739,-118.292431696693,2.6666666666667
2012-07-01,2516066,34.1026452777623,-118.309174899553,3.5
2012-07-01,2516067,34.1289592976562,-118.348105511798,1
2012-07-01,2516068,34.1711875604693,-118.466256137343,3.5
2012-07-01,2516069,33.959050023079,-118.384914378314,3.8571428571429
2012-07-01,2516070,34.208941941657,-118.388326340558,3.3333333333333
2012-07-01,2516071,34.1456291006491,-118.414844911327,3
2012-07-01,2516072,34.0345764246719,-118.433599410078,3.75
2012-07-01,2516073,34.1053341260162,-118.322952065388,4.4
2012-07-01,2516074,34.0497915102769,-118.240156280987,4
2012-07-01,2516075,34.2075308449183,-118.485972982648,3.5
2012-07-01,2516076,34.1728089740435,-118.46607742943,4
2012-07-01,2516077,33.9462074491906,-118.381599545052,3.7
2012-07-01,2516078,34.0476232182885,-118.258890521374,4
2012-07-01,2516079,33.9457260021695,-118.371793923976,3.3076923076923
2012-07-01,2516080,34.0497380979174,-118.254463515967,4.0769230769231
2012-07-01,2516081,34.0522515587247,-118.417389651062,3.8
2012-07-01,2516082,34.1678047738557,-118.603204909749,4.25
2012-07-01,2516083,34.0983788132955,-118.342266931431,4
2012-07-01,2516084,33.7427851930894,-118.292672453864,5
2012-07-01,2516085,34.0470485335589,-118.260417380686,3.3333333333333
2012-07-01,2516087,33.9462579490741,-118.395099455713,3.4705882352941
2012-07-01,2516088,34.1456090875761,-118.41128883322,3.9090909090909
2012-07-01,2516089,34.2491756725101,-118.60460803607,1
2012-07-01,2516090,34.1381069707111,-118.365168679934,3.75
2012-07-01,2516091,33.9456506647775,-118.3881187357,3.55
2012-07-01,2516092,34.0584339399397,-118.237795569382,3.6666666666667
2012-07-01,2516093,34.055103057855,-118.254610762472,2.1666666666667
2012-07-01,2516094,34.0978820452757,-118.339146629665,3.5
2012-07-01,2516095,33.9455012498498,-118.374908476902,3.5
2012-07-01,2516096,34.0983770784162,-118.343208330156,3
2012-07-01,2516097,33.9519882938926,-118.385315623575,3.25
2012-07-01,2516099,34.1072319580067,-118.337555024356,3
2012-07-01,2516100,34.0464771525903,-118.447410876457,4
2012-07-01,2516101,34.0655753108295,-118.299566166192,4
2012-07-01,2516102,34.1677291684269,-118.593088620507,4
2012-07-01,2516103,34.0500204374361,-118.253953776963,2.7777777777778
2012-07-01,2516104,34.0758020297681,-118.364444473685,4
2012-07-01,2516105,34.0811112615072,-118.27080031698,4
2012-07-01,2516106,33.9939506435302,-118.479671512169,4.1428571428571
2012-07-01,2516107,33.7423932906493,-118.292397184055,1
2012-07-01,2516108,34.0105420654367,-118.122350726838,3
2012-07-01,2516109,33.7383008062723,-118.282032598649,4.1666666666667
2012-07-01,2516112,34.101648212205,-118.307422691329,2.5
2012-07-01,2516113,34.0508744098858,-118.432928103933,3
2012-07-01,2516116,34.0834155931285,-118.312794949569,1.75
2012-07-01,2516118,34.0762104776531,-118.357779088228,3
2012-07-01,2516119,34.1035638030652,-118.339716138324,4
2012-07-01,2516120,34.0900374908964,-118.16542826943,4
2012-07-01,2516121,34.0991341502846,-118.30894756759,4.5
2012-07-01,2516122,34.0976430261556,-118.347512608194,3.25
2012-07-01,2516123,34.1572390700389,-118.407255635623,3.6666666666667
2012-07-01,2516125,34.1825837379487,-118.385955393601,5
2012-07-01,2516126,34.0766112847234,-118.29177618656,4.5
2012-07-01,2516127,34.1784677046888,-118.603669202533,3.8571428571429
2012-07-01,2516128,34.1020474087057,-118.311626895269,1.5
2012-07-01,2516129,34.1028051470893,-118.332876985747,2
2012-07-01,2516130,33.9462250684001,-118.371188081991,3.5454545454545
2012-07-01,2516131,34.0984606945895,-118.312407132417,5
2012-07-01,2516132,34.0725668655878,-118.250929481276,5
2012-07-01,2516133,34.3024942225292,-118.477728441735,4.5
2012-07-01,2516134,34.1706276017003,-118.572092853096,3.5
2012-07-01,2516135,34.0631617010629,-118.238899383141,3.6666666666667
2012-07-01,2516138,34.2204939444065,-118.472014969332,4.3333333333333
2012-07-01,2516139,34.0621297585005,-118.300994558003,2
2012-07-01,2516144,34.0982039677033,-118.30471964863,2
